state,statecode,districtData/0/district,districtData/0/notes,districtData/0/active,Confirmed,districtData/0/migratedother,districtData/0/deceased,districtData/0/recovered,districtData/0/delta/confirmed,districtData/0/delta/deceased,districtData/0/delta/recovered,districtData/1/district,districtData/1/notes,districtData/1/active,districtData/1/confirmed,districtData/1/migratedother,districtData/1/deceased,districtData/1/recovered,districtData/1/delta/confirmed,districtData/1/delta/deceased,districtData/1/delta/recovered,districtData/2/district,districtData/2/notes,districtData/2/active,districtData/2/confirmed,districtData/2/migratedother,districtData/2/deceased,districtData/2/recovered,districtData/2/delta/confirmed,districtData/2/delta/deceased,districtData/2/delta/recovered,districtData/3/district,districtData/3/notes,districtData/3/active,districtData/3/confirmed,districtData/3/migratedother,districtData/3/deceased,districtData/3/recovered,districtData/3/delta/confirmed,districtData/3/delta/deceased,districtData/3/delta/recovered,districtData/4/district,districtData/4/notes,districtData/4/active,districtData/4/confirmed,districtData/4/migratedother,districtData/4/deceased,districtData/4/recovered,districtData/4/delta/confirmed,districtData/4/delta/deceased,districtData/4/delta/recovered,districtData/5/district,districtData/5/notes,districtData/5/active,districtData/5/confirmed,districtData/5/migratedother,districtData/5/deceased,districtData/5/recovered,districtData/5/delta/confirmed,districtData/5/delta/deceased,districtData/5/delta/recovered,districtData/6/district,districtData/6/notes,districtData/6/active,districtData/6/confirmed,districtData/6/migratedother,districtData/6/deceased,districtData/6/recovered,districtData/6/delta/confirmed,districtData/6/delta/deceased,districtData/6/delta/recovered,districtData/7/district,districtData/7/notes,districtData/7/active,districtData/7/confirmed,districtData/7/migratedother,districtData/7/deceased,districtData/7/recovered,districtData/7/delta/confirmed,districtData/7/delta/deceased,districtData/7/delta/recovered,districtData/8/district,districtData/8/notes,districtData/8/active,districtData/8/confirmed,districtData/8/migratedother,districtData/8/deceased,districtData/8/recovered,districtData/8/delta/confirmed,districtData/8/delta/deceased,districtData/8/delta/recovered,districtData/9/district,districtData/9/notes,districtData/9/active,districtData/9/confirmed,districtData/9/migratedother,districtData/9/deceased,districtData/9/recovered,districtData/9/delta/confirmed,districtData/9/delta/deceased,districtData/9/delta/recovered,districtData/10/district,districtData/10/notes,districtData/10/active,districtData/10/confirmed,districtData/10/migratedother,districtData/10/deceased,districtData/10/recovered,districtData/10/delta/confirmed,districtData/10/delta/deceased,districtData/10/delta/recovered,districtData/11/district,districtData/11/notes,districtData/11/active,districtData/11/confirmed,districtData/11/migratedother,districtData/11/deceased,districtData/11/recovered,districtData/11/delta/confirmed,districtData/11/delta/deceased,districtData/11/delta/recovered,districtData/12/district,districtData/12/notes,districtData/12/active,districtData/12/confirmed,districtData/12/migratedother,districtData/12/deceased,districtData/12/recovered,districtData/12/delta/confirmed,districtData/12/delta/deceased,districtData/12/delta/recovered,districtData/13/district,districtData/13/notes,districtData/13/active,districtData/13/confirmed,districtData/13/migratedother,districtData/13/deceased,districtData/13/recovered,districtData/13/delta/confirmed,districtData/13/delta/deceased,districtData/13/delta/recovered,districtData/14/district,districtData/14/notes,districtData/14/active,districtData/14/confirmed,districtData/14/migratedother,districtData/14/deceased,districtData/14/recovered,districtData/14/delta/confirmed,districtData/14/delta/deceased,districtData/14/delta/recovered,districtData/15/district,districtData/15/notes,districtData/15/active,districtData/15/confirmed,districtData/15/migratedother,districtData/15/deceased,districtData/15/recovered,districtData/15/delta/confirmed,districtData/15/delta/deceased,districtData/15/delta/recovered,districtData/16/district,districtData/16/notes,districtData/16/active,districtData/16/confirmed,districtData/16/migratedother,districtData/16/deceased,districtData/16/recovered,districtData/16/delta/confirmed,districtData/16/delta/deceased,districtData/16/delta/recovered,districtData/17/district,districtData/17/notes,districtData/17/active,districtData/17/confirmed,districtData/17/migratedother,districtData/17/deceased,districtData/17/recovered,districtData/17/delta/confirmed,districtData/17/delta/deceased,districtData/17/delta/recovered,districtData/18/district,districtData/18/notes,districtData/18/active,districtData/18/confirmed,districtData/18/migratedother,districtData/18/deceased,districtData/18/recovered,districtData/18/delta/confirmed,districtData/18/delta/deceased,districtData/18/delta/recovered,districtData/19/district,districtData/19/notes,districtData/19/active,districtData/19/confirmed,districtData/19/migratedother,districtData/19/deceased,districtData/19/recovered,districtData/19/delta/confirmed,districtData/19/delta/deceased,districtData/19/delta/recovered,districtData/20/district,districtData/20/notes,districtData/20/active,districtData/20/confirmed,districtData/20/migratedother,districtData/20/deceased,districtData/20/recovered,districtData/20/delta/confirmed,districtData/20/delta/deceased,districtData/20/delta/recovered,districtData/21/district,districtData/21/notes,districtData/21/active,districtData/21/confirmed,districtData/21/migratedother,districtData/21/deceased,districtData/21/recovered,districtData/21/delta/confirmed,districtData/21/delta/deceased,districtData/21/delta/recovered,districtData/22/district,districtData/22/notes,districtData/22/active,districtData/22/confirmed,districtData/22/migratedother,districtData/22/deceased,districtData/22/recovered,districtData/22/delta/confirmed,districtData/22/delta/deceased,districtData/22/delta/recovered,districtData/23/district,districtData/23/notes,districtData/23/active,districtData/23/confirmed,districtData/23/migratedother,districtData/23/deceased,districtData/23/recovered,districtData/23/delta/confirmed,districtData/23/delta/deceased,districtData/23/delta/recovered,districtData/24/district,districtData/24/notes,districtData/24/active,districtData/24/confirmed,districtData/24/migratedother,districtData/24/deceased,districtData/24/recovered,districtData/24/delta/confirmed,districtData/24/delta/deceased,districtData/24/delta/recovered,districtData/25/district,districtData/25/notes,districtData/25/active,districtData/25/confirmed,districtData/25/migratedother,districtData/25/deceased,districtData/25/recovered,districtData/25/delta/confirmed,districtData/25/delta/deceased,districtData/25/delta/recovered,districtData/26/district,districtData/26/notes,districtData/26/active,districtData/26/confirmed,districtData/26/migratedother,districtData/26/deceased,districtData/26/recovered,districtData/26/delta/confirmed,districtData/26/delta/deceased,districtData/26/delta/recovered,districtData/27/district,districtData/27/notes,districtData/27/active,districtData/27/confirmed,districtData/27/migratedother,districtData/27/deceased,districtData/27/recovered,districtData/27/delta/confirmed,districtData/27/delta/deceased,districtData/27/delta/recovered,districtData/28/district,districtData/28/notes,districtData/28/active,districtData/28/confirmed,districtData/28/migratedother,districtData/28/deceased,districtData/28/recovered,districtData/28/delta/confirmed,districtData/28/delta/deceased,districtData/28/delta/recovered,districtData/29/district,districtData/29/notes,districtData/29/active,districtData/29/confirmed,districtData/29/migratedother,districtData/29/deceased,districtData/29/recovered,districtData/29/delta/confirmed,districtData/29/delta/deceased,districtData/29/delta/recovered,districtData/30/district,districtData/30/notes,districtData/30/active,districtData/30/confirmed,districtData/30/migratedother,districtData/30/deceased,districtData/30/recovered,districtData/30/delta/confirmed,districtData/30/delta/deceased,districtData/30/delta/recovered,districtData/31/district,districtData/31/notes,districtData/31/active,districtData/31/confirmed,districtData/31/migratedother,districtData/31/deceased,districtData/31/recovered,districtData/31/delta/confirmed,districtData/31/delta/deceased,districtData/31/delta/recovered,districtData/32/district,districtData/32/notes,districtData/32/active,districtData/32/confirmed,districtData/32/migratedother,districtData/32/deceased,districtData/32/recovered,districtData/32/delta/confirmed,districtData/32/delta/deceased,districtData/32/delta/recovered,districtData/33/district,districtData/33/notes,districtData/33/active,districtData/33/confirmed,districtData/33/migratedother,districtData/33/deceased,districtData/33/recovered,districtData/33/delta/confirmed,districtData/33/delta/deceased,districtData/33/delta/recovered,districtData/34/district,districtData/34/notes,districtData/34/active,districtData/34/confirmed,districtData/34/migratedother,districtData/34/deceased,districtData/34/recovered,districtData/34/delta/confirmed,districtData/34/delta/deceased,districtData/34/delta/recovered,districtData/35/district,districtData/35/notes,districtData/35/active,districtData/35/confirmed,districtData/35/migratedother,districtData/35/deceased,districtData/35/recovered,districtData/35/delta/confirmed,districtData/35/delta/deceased,districtData/35/delta/recovered,districtData/36/district,districtData/36/notes,districtData/36/active,districtData/36/confirmed,districtData/36/migratedother,districtData/36/deceased,districtData/36/recovered,districtData/36/delta/confirmed,districtData/36/delta/deceased,districtData/36/delta/recovered,districtData/37/district,districtData/37/notes,districtData/37/active,districtData/37/confirmed,districtData/37/migratedother,districtData/37/deceased,districtData/37/recovered,districtData/37/delta/confirmed,districtData/37/delta/deceased,districtData/37/delta/recovered,districtData/38/district,districtData/38/notes,districtData/38/active,districtData/38/confirmed,districtData/38/migratedother,districtData/38/deceased,districtData/38/recovered,districtData/38/delta/confirmed,districtData/38/delta/deceased,districtData/38/delta/recovered,districtData/39/district,districtData/39/notes,districtData/39/active,districtData/39/confirmed,districtData/39/migratedother,districtData/39/deceased,districtData/39/recovered,districtData/39/delta/confirmed,districtData/39/delta/deceased,districtData/39/delta/recovered,districtData/40/district,districtData/40/notes,districtData/40/active,districtData/40/confirmed,districtData/40/migratedother,districtData/40/deceased,districtData/40/recovered,districtData/40/delta/confirmed,districtData/40/delta/deceased,districtData/40/delta/recovered,districtData/41/district,districtData/41/notes,districtData/41/active,districtData/41/confirmed,districtData/41/migratedother,districtData/41/deceased,districtData/41/recovered,districtData/41/delta/confirmed,districtData/41/delta/deceased,districtData/41/delta/recovered,districtData/42/district,districtData/42/notes,districtData/42/active,districtData/42/confirmed,districtData/42/migratedother,districtData/42/deceased,districtData/42/recovered,districtData/42/delta/confirmed,districtData/42/delta/deceased,districtData/42/delta/recovered,districtData/43/district,districtData/43/notes,districtData/43/active,districtData/43/confirmed,districtData/43/migratedother,districtData/43/deceased,districtData/43/recovered,districtData/43/delta/confirmed,districtData/43/delta/deceased,districtData/43/delta/recovered,districtData/44/district,districtData/44/notes,districtData/44/active,districtData/44/confirmed,districtData/44/migratedother,districtData/44/deceased,districtData/44/recovered,districtData/44/delta/confirmed,districtData/44/delta/deceased,districtData/44/delta/recovered,districtData/45/district,districtData/45/notes,districtData/45/active,districtData/45/confirmed,districtData/45/migratedother,districtData/45/deceased,districtData/45/recovered,districtData/45/delta/confirmed,districtData/45/delta/deceased,districtData/45/delta/recovered,districtData/46/district,districtData/46/notes,districtData/46/active,districtData/46/confirmed,districtData/46/migratedother,districtData/46/deceased,districtData/46/recovered,districtData/46/delta/confirmed,districtData/46/delta/deceased,districtData/46/delta/recovered,districtData/47/district,districtData/47/notes,districtData/47/active,districtData/47/confirmed,districtData/47/migratedother,districtData/47/deceased,districtData/47/recovered,districtData/47/delta/confirmed,districtData/47/delta/deceased,districtData/47/delta/recovered,districtData/48/district,districtData/48/notes,districtData/48/active,districtData/48/confirmed,districtData/48/migratedother,districtData/48/deceased,districtData/48/recovered,districtData/48/delta/confirmed,districtData/48/delta/deceased,districtData/48/delta/recovered,districtData/49/district,districtData/49/notes,districtData/49/active,districtData/49/confirmed,districtData/49/migratedother,districtData/49/deceased,districtData/49/recovered,districtData/49/delta/confirmed,districtData/49/delta/deceased,districtData/49/delta/recovered,districtData/50/district,districtData/50/notes,districtData/50/active,districtData/50/confirmed,districtData/50/migratedother,districtData/50/deceased,districtData/50/recovered,districtData/50/delta/confirmed,districtData/50/delta/deceased,districtData/50/delta/recovered,districtData/51/district,districtData/51/notes,districtData/51/active,districtData/51/confirmed,districtData/51/migratedother,districtData/51/deceased,districtData/51/recovered,districtData/51/delta/confirmed,districtData/51/delta/deceased,districtData/51/delta/recovered,districtData/52/district,districtData/52/notes,districtData/52/active,districtData/52/confirmed,districtData/52/migratedother,districtData/52/deceased,districtData/52/recovered,districtData/52/delta/confirmed,districtData/52/delta/deceased,districtData/52/delta/recovered,districtData/53/district,districtData/53/notes,districtData/53/active,districtData/53/confirmed,districtData/53/migratedother,districtData/53/deceased,districtData/53/recovered,districtData/53/delta/confirmed,districtData/53/delta/deceased,districtData/53/delta/recovered,districtData/54/district,districtData/54/notes,districtData/54/active,districtData/54/confirmed,districtData/54/migratedother,districtData/54/deceased,districtData/54/recovered,districtData/54/delta/confirmed,districtData/54/delta/deceased,districtData/54/delta/recovered,districtData/55/district,districtData/55/notes,districtData/55/active,districtData/55/confirmed,districtData/55/migratedother,districtData/55/deceased,districtData/55/recovered,districtData/55/delta/confirmed,districtData/55/delta/deceased,districtData/55/delta/recovered,districtData/56/district,districtData/56/notes,districtData/56/active,districtData/56/confirmed,districtData/56/migratedother,districtData/56/deceased,districtData/56/recovered,districtData/56/delta/confirmed,districtData/56/delta/deceased,districtData/56/delta/recovered,districtData/57/district,districtData/57/notes,districtData/57/active,districtData/57/confirmed,districtData/57/migratedother,districtData/57/deceased,districtData/57/recovered,districtData/57/delta/confirmed,districtData/57/delta/deceased,districtData/57/delta/recovered,districtData/58/district,districtData/58/notes,districtData/58/active,districtData/58/confirmed,districtData/58/migratedother,districtData/58/deceased,districtData/58/recovered,districtData/58/delta/confirmed,districtData/58/delta/deceased,districtData/58/delta/recovered,districtData/59/district,districtData/59/notes,districtData/59/active,districtData/59/confirmed,districtData/59/migratedother,districtData/59/deceased,districtData/59/recovered,districtData/59/delta/confirmed,districtData/59/delta/deceased,districtData/59/delta/recovered,districtData/60/district,districtData/60/notes,districtData/60/active,districtData/60/confirmed,districtData/60/migratedother,districtData/60/deceased,districtData/60/recovered,districtData/60/delta/confirmed,districtData/60/delta/deceased,districtData/60/delta/recovered,districtData/61/district,districtData/61/notes,districtData/61/active,districtData/61/confirmed,districtData/61/migratedother,districtData/61/deceased,districtData/61/recovered,districtData/61/delta/confirmed,districtData/61/delta/deceased,districtData/61/delta/recovered,districtData/62/district,districtData/62/notes,districtData/62/active,districtData/62/confirmed,districtData/62/migratedother,districtData/62/deceased,districtData/62/recovered,districtData/62/delta/confirmed,districtData/62/delta/deceased,districtData/62/delta/recovered,districtData/63/district,districtData/63/notes,districtData/63/active,districtData/63/confirmed,districtData/63/migratedother,districtData/63/deceased,districtData/63/recovered,districtData/63/delta/confirmed,districtData/63/delta/deceased,districtData/63/delta/recovered,districtData/64/district,districtData/64/notes,districtData/64/active,districtData/64/confirmed,districtData/64/migratedother,districtData/64/deceased,districtData/64/recovered,districtData/64/delta/confirmed,districtData/64/delta/deceased,districtData/64/delta/recovered,districtData/65/district,districtData/65/notes,districtData/65/active,districtData/65/confirmed,districtData/65/migratedother,districtData/65/deceased,districtData/65/recovered,districtData/65/delta/confirmed,districtData/65/delta/deceased,districtData/65/delta/recovered,districtData/66/district,districtData/66/notes,districtData/66/active,districtData/66/confirmed,districtData/66/migratedother,districtData/66/deceased,districtData/66/recovered,districtData/66/delta/confirmed,districtData/66/delta/deceased,districtData/66/delta/recovered,districtData/67/district,districtData/67/notes,districtData/67/active,districtData/67/confirmed,districtData/67/migratedother,districtData/67/deceased,districtData/67/recovered,districtData/67/delta/confirmed,districtData/67/delta/deceased,districtData/67/delta/recovered,districtData/68/district,districtData/68/notes,districtData/68/active,districtData/68/confirmed,districtData/68/migratedother,districtData/68/deceased,districtData/68/recovered,districtData/68/delta/confirmed,districtData/68/delta/deceased,districtData/68/delta/recovered,districtData/69/district,districtData/69/notes,districtData/69/active,districtData/69/confirmed,districtData/69/migratedother,districtData/69/deceased,districtData/69/recovered,districtData/69/delta/confirmed,districtData/69/delta/deceased,districtData/69/delta/recovered,districtData/70/district,districtData/70/notes,districtData/70/active,districtData/70/confirmed,districtData/70/migratedother,districtData/70/deceased,districtData/70/recovered,districtData/70/delta/confirmed,districtData/70/delta/deceased,districtData/70/delta/recovered,districtData/71/district,districtData/71/notes,districtData/71/active,districtData/71/confirmed,districtData/71/migratedother,districtData/71/deceased,districtData/71/recovered,districtData/71/delta/confirmed,districtData/71/delta/deceased,districtData/71/delta/recovered,districtData/72/district,districtData/72/notes,districtData/72/active,districtData/72/confirmed,districtData/72/migratedother,districtData/72/deceased,districtData/72/recovered,districtData/72/delta/confirmed,districtData/72/delta/deceased,districtData/72/delta/recovered,districtData/73/district,districtData/73/notes,districtData/73/active,districtData/73/confirmed,districtData/73/migratedother,districtData/73/deceased,districtData/73/recovered,districtData/73/delta/confirmed,districtData/73/delta/deceased,districtData/73/delta/recovered,districtData/74/district,districtData/74/notes,districtData/74/active,districtData/74/confirmed,districtData/74/migratedother,districtData/74/deceased,districtData/74/recovered,districtData/74/delta/confirmed,districtData/74/delta/deceased,districtData/74/delta/recovered
State Unassigned,UN,Unassigned,,0,0,0,0,0,0,0,0,,,,,,,,,,,,,,,,,,,,,,,,,,,,,,,,,,,,,,,,,,,,,,,,,,,,,,,,,,,,,,,,,,,,,,,,,,,,,,,,,,,,,,,,,,,,,,,,,,,,,,,,,,,,,,,,,,,,,,,,,,,,,,,,,,,,,,,,,,,,,,,,,,,,,,,,,,,,,,,,,,,,,,,,,,,,,,,,,,,,,,,,,,,,,,,,,,,,,,,,,,,,,,,,,,,,,,,,,,,,,,,,,,,,,,,,,,,,,,,,,,,,,,,,,,,,,,,,,,,,,,,,,,,,,,,,,,,,,,,,,,,,,,,,,,,,,,,,,,,,,,,,,,,,,,,,,,,,,,,,,,,,,,,,,,,,,,,,,,,,,,,,,,,,,,,,,,,,,,,,,,,,,,,,,,,,,,,,,,,,,,,,,,,,,,,,,,,,,,,,,,,,,,,,,,,,,,,,,,,,,,,,,,,,,,,,,,,,,,,,,,,,,,,,,,,,,,,,,,,,,,,,,,,,,,,,,,,,,,,,,,,,,,,,,,,,,,,,,,,,,,,,,,,,,,,,,,,,,,,,,,,,,,,,,,,,,,,,,,,,,,,,,,,,,,,,,,,,,,,,,,,,,,,,,,,,,,,,,,,,,,,,,,,,,,,,,,,,,,,,,,,,,,,,,,,,,,,,,,,,,,,,,,,,,,,,,,,,,,,,,,,,,,,,,,,,,,,,,,,,,,,,,,,,,,,,,,,,,,,,,,,,,,,,,,,,,,,,,,,,,,,,,,,,,,,,,,,,,,,,,,,,,,,,,,,,,,,,,,,,
Andaman and Nicobar Islands,AN,Nicobars,District-wise numbers are out-dated as cumulative counts for each district are not reported in bulletin,0,0,0,0,0,0,0,0,North and Middle Andaman,District-wise numbers are out-dated as cumulative counts for each district are not reported in bulletin,0,1,0,0,1,0,0,0,South Andaman,District-wise numbers are out-dated as cumulative counts for each district are not reported in bulletin,19,51,0,0,32,0,0,0,Unknown,,-15,7489,0,129,7375,0,0,0,,,,,,,,,,,,,,,,,,,,,,,,,,,,,,,,,,,,,,,,,,,,,,,,,,,,,,,,,,,,,,,,,,,,,,,,,,,,,,,,,,,,,,,,,,,,,,,,,,,,,,,,,,,,,,,,,,,,,,,,,,,,,,,,,,,,,,,,,,,,,,,,,,,,,,,,,,,,,,,,,,,,,,,,,,,,,,,,,,,,,,,,,,,,,,,,,,,,,,,,,,,,,,,,,,,,,,,,,,,,,,,,,,,,,,,,,,,,,,,,,,,,,,,,,,,,,,,,,,,,,,,,,,,,,,,,,,,,,,,,,,,,,,,,,,,,,,,,,,,,,,,,,,,,,,,,,,,,,,,,,,,,,,,,,,,,,,,,,,,,,,,,,,,,,,,,,,,,,,,,,,,,,,,,,,,,,,,,,,,,,,,,,,,,,,,,,,,,,,,,,,,,,,,,,,,,,,,,,,,,,,,,,,,,,,,,,,,,,,,,,,,,,,,,,,,,,,,,,,,,,,,,,,,,,,,,,,,,,,,,,,,,,,,,,,,,,,,,,,,,,,,,,,,,,,,,,,,,,,,,,,,,,,,,,,,,,,,,,,,,,,,,,,,,,,,,,,,,,,,,,,,,,,,,,,,,,,,,,,,,,,,,,,,,,,,,,,,,,,,,,,,,,,,,,,,,,,,,,,,,,,,,,,,,,,,,,,,,,,,,,,,,,,,,,,,,,,,,,,,,,,,,,,,,,,,,,,,,,,,,,,,,,,,,,,,,,,,,,,,,,,,,,,,,,,
Andhra Pradesh,AP,Foreign Evacuees,,0,434,0,0,434,0,0,0,Anantapur,,284,156460,0,1083,155093,0,0,0,Chittoor,,3142,232690,0,1756,227792,0,0,0,East Godavari,,3334,279192,0,1222,274636,0,0,0,Guntur,,1715,168871,0,1150,166006,0,0,0,Krishna,,3158,110123,0,1226,105739,0,0,0,Kurnool,,292,123418,0,844,122282,0,0,0,Other State,,0,2461,0,0,2461,0,0,0,Prakasam,,2218,130592,0,1013,127361,0,0,0,S.P.S. Nellore,,2514,135365,0,965,131886,0,0,0,Srikakulam,,499,120851,0,766,119586,0,0,0,Visakhapatnam,,762,152904,0,1084,151058,0,0,0,Vizianagaram,,180,81561,0,669,80712,0,0,0,West Godavari,,1465,170379,0,1064,167850,0,0,0,Y.S.R. Kadapa,,739,110840,0,626,109475,0,0,0,,,,,,,,,,,,,,,,,,,,,,,,,,,,,,,,,,,,,,,,,,,,,,,,,,,,,,,,,,,,,,,,,,,,,,,,,,,,,,,,,,,,,,,,,,,,,,,,,,,,,,,,,,,,,,,,,,,,,,,,,,,,,,,,,,,,,,,,,,,,,,,,,,,,,,,,,,,,,,,,,,,,,,,,,,,,,,,,,,,,,,,,,,,,,,,,,,,,,,,,,,,,,,,,,,,,,,,,,,,,,,,,,,,,,,,,,,,,,,,,,,,,,,,,,,,,,,,,,,,,,,,,,,,,,,,,,,,,,,,,,,,,,,,,,,,,,,,,,,,,,,,,,,,,,,,,,,,,,,,,,,,,,,,,,,,,,,,,,,,,,,,,,,,,,,,,,,,,,,,,,,,,,,,,,,,,,,,,,,,,,,,,,,,,,,,,,,,,,,,,,,,,,,,,,,,,,,,,,,,,,,,,,,,,,,,,,,,,,,,,,,,,,,,,,,,,,,,,,,,,,,,,,,,,,,,,,,,,,,,,,,,,,,,,,,,,,,,,,,,,,,,,,,,,,,,,,,,,,,,,,,,,,,,,,,,,,,,,,,,,,,,,,,,,,,,,,,,,,,,,,,,,,,,,,,,,,,,,,,,,,,,,,,,,,,,,,,,,,,,,
Arunachal Pradesh,AR,Anjaw,,79,962,0,2,881,0,0,0,Changlang,,77,3567,0,20,3470,0,0,0,East Kameng,,37,1042,0,0,1005,0,0,0,East Siang,,145,2887,0,16,2726,0,0,0,Kamle,,84,436,0,0,352,0,0,0,Kra Daadi,,7,253,0,0,246,0,0,0,Kurung Kumey,,9,506,0,1,496,0,0,0,Lepa Rada,,37,734,0,2,695,0,0,0,Lohit,,142,2570,0,21,2407,0,0,0,Longding,,27,723,0,2,694,0,0,0,Lower Dibang Valley,,101,2103,0,9,1993,0,0,0,Lower Siang,,41,666,0,8,617,0,0,0,Lower Subansiri,,371,2432,0,9,2052,0,0,0,Namsai,,87,1932,0,15,1830,0,0,0,Pakke Kessang,,15,384,0,0,369,0,0,0,Papum Pare,,1204,16651,0,83,15364,0,0,0,Shi Yomi,,20,202,0,0,182,0,0,0,Siang,,40,384,0,3,341,0,0,0,Tawang,,113,2218,0,17,2088,0,0,0,Tirap,,59,998,0,3,936,0,0,0,Upper Dibang Valley,,45,280,0,2,233,0,0,0,Upper Siang,,83,847,0,1,763,0,0,0,Upper Subansiri,,108,1862,0,5,1749,0,0,0,West Kameng,,181,3100,0,12,2907,0,0,0,West Siang,,114,1702,0,5,1583,0,0,0,,,,,,,,,,,,,,,,,,,,,,,,,,,,,,,,,,,,,,,,,,,,,,,,,,,,,,,,,,,,,,,,,,,,,,,,,,,,,,,,,,,,,,,,,,,,,,,,,,,,,,,,,,,,,,,,,,,,,,,,,,,,,,,,,,,,,,,,,,,,,,,,,,,,,,,,,,,,,,,,,,,,,,,,,,,,,,,,,,,,,,,,,,,,,,,,,,,,,,,,,,,,,,,,,,,,,,,,,,,,,,,,,,,,,,,,,,,,,,,,,,,,,,,,,,,,,,,,,,,,,,,,,,,,,,,,,,,,,,,,,,,,,,,,,,,,,,,,,,,,,,,,,,,,,,,,,,,,,,,,,,,,,,,,,,,,,,,,,,,,,,,,,,,,,,,,,,,,,,,,,,,,,,,,,,,,,,,,,,,,,,,,,,,,,,,,,,,,,,,,,,,,,,,,,,,,,,,,,,,,,,,,,,,,,,,,,,,,,,,,,,,,,,,,,,,,,,,,,,,,,,,,,,,,,,,,,,,,,,,,,,,,,,,,,,,,,,,,,,,,
Assam,AS,Airport Quarantine,,0,13,0,0,13,0,0,0,Baksa,,5436,5937,0,54,447,0,0,0,Barpeta,,10019,11193,0,150,1024,0,0,0,Biswanath,,7814,8240,0,47,379,0,0,0,Bongaigaon,,5210,6109,0,65,834,0,0,0,Cachar,,21897,23578,0,183,1498,0,0,0,Charaideo,,3273,3425,0,47,105,0,0,0,Chirang,,2318,2570,0,33,219,0,0,0,Darrang,,8189,10016,0,97,1730,0,0,0,Dhemaji,,6643,7119,0,36,440,0,0,0,Dhubri,,6549,7812,0,48,1215,0,0,0,Dibrugarh,,29953,32725,0,363,2409,0,0,0,Dima Hasao,,2823,3034,0,12,199,0,0,0,Goalpara,,38,10426,0,79,568,0,0,0,Golaghat,,19638,21491,0,197,1656,0,0,0,Hailakandi,,4901,6050,0,33,1116,0,0,0,Hojai,,5699,6958,0,99,1160,0,0,0,Jorhat,,20895,22908,0,261,1752,0,0,0,Kamrup,,28699,31015,0,242,2074,0,0,0,Kamrup Metropolitan,,85105,101263,0,788,15370,0,0,0,Karbi Anglong,,6055,6709,0,102,552,0,0,0,Karimganj,,6586,7623,0,82,955,0,0,0,Kokrajhar,,4812,5223,0,58,353,0,0,0,Lakhimpur,,12349,13574,0,90,1135,0,0,0,Majuli,,1605,1693,0,8,80,0,0,0,Morigaon,,12114,12737,0,66,557,0,0,0,Nagaon,,20724,23415,0,185,2506,0,0,0,Nalbari,,8448,9370,0,94,828,0,0,0,Other State,,152,153,0,0,1,0,0,0,Sivasagar,,9027,9657,0,157,473,0,0,0,Sonitpur,,17697,19625,0,201,1727,0,0,0,South Salmara Mankachar,,1770,1833,0,16,47,0,0,0,Tinsukia,,17219,19257,0,240,1798,0,0,0,Udalguri,,4610,5341,0,65,666,0,0,0,West Karbi Anglong,,1169,1208,0,2,37,0,0,0,Unknown,,-398500,112271,1347,1143,508281,0,0,0,,,,,,,,,,,,,,,,,,,,,,,,,,,,,,,,,,,,,,,,,,,,,,,,,,,,,,,,,,,,,,,,,,,,,,,,,,,,,,,,,,,,,,,,,,,,,,,,,,,,,,,,,,,,,,,,,,,,,,,,,,,,,,,,,,,,,,,,,,,,,,,,,,,,,,,,,,,,,,,,,,,,,,,,,,,,,,,,,,,,,,,,,,,,,,,,,,,,,,,,,,,,,,,,,,,,,,,,,,,,,,,,,,,,,,,,,,,,,,,,,,,,,,,,,,,,,,,,,,,,,,,,,,,,,,,,,,,,,,,,,,,,,,,,,,,,,,,,,,,,,,,,,,,,,,,,,,,,,,,,,,,,,,,,,,,,,,,,,,,,,,,,,,,,,,,,,,,,,,,,,,,,,,,,,,,,,,,,,,,,,,,,,,,,,,
Bihar,BR,Araria,,14,14953,0,116,14823,0,0,0,Arwal,,8,7372,0,74,7290,0,0,0,Aurangabad,,1,19997,0,75,19921,0,0,0,Banka,,0,7375,0,112,7263,0,0,0,Begusarai,,24,27172,0,457,26691,0,0,0,Bhagalpur,,12,25819,0,309,25498,0,0,0,Bhojpur,,4,10163,0,159,10000,0,0,0,Buxar,,1,9245,0,182,9062,0,0,0,Darbhanga,,24,10886,0,366,10496,0,0,0,East Champaran,,20,18993,0,430,18543,0,0,0,Gaya,,3,33926,0,279,33644,0,0,0,Gopalganj,,0,16668,0,94,16574,0,0,0,Jamui,,5,9407,0,106,9296,0,0,0,Jehanabad,,0,10768,0,109,10659,0,0,0,Kaimur,,0,4981,0,147,4834,0,0,0,Katihar,,13,18114,0,94,18007,0,0,0,Khagaria,,4,10050,0,88,9958,0,0,0,Kishanganj,,22,10096,0,66,10008,0,0,0,Lakhisarai,,8,7762,0,102,7652,0,0,0,Madhepura,,11,12510,0,111,12388,0,0,0,Madhubani,,11,18319,0,337,17971,0,0,0,Munger,,4,15100,0,158,14938,0,0,0,Muzaffarpur,,12,31362,0,621,30729,0,0,0,Nalanda,,11,23413,0,468,22934,0,0,0,Nawada,,2,10339,0,178,10159,0,0,0,Patna,,46,146802,0,2330,144426,0,0,0,Purnia,,5,24399,0,180,24214,0,0,0,Rohtas,,10,13954,0,269,13675,0,0,0,Saharsa,,4,17582,0,134,17444,0,0,0,Samastipur,,33,19968,0,154,19781,0,0,0,Saran,,6,23260,0,255,22999,0,0,0,Sheikhpura,,4,7690,0,75,7611,0,0,0,Sheohar,,1,4391,0,36,4354,0,0,0,Sitamarhi,,25,9165,0,127,9013,0,0,0,Siwan,,1,15189,0,170,15018,0,0,0,Supaul,,2,17199,0,128,17069,0,0,0,Vaishali,,9,19796,1,192,19594,0,0,0,West Champaran,,4,20882,0,358,20520,0,0,0,,,,,,,,,,,,,,,,,,,,,,,,,,,,,,,,,,,,,,,,,,,,,,,,,,,,,,,,,,,,,,,,,,,,,,,,,,,,,,,,,,,,,,,,,,,,,,,,,,,,,,,,,,,,,,,,,,,,,,,,,,,,,,,,,,,,,,,,,,,,,,,,,,,,,,,,,,,,,,,,,,,,,,,,,,,,,,,,,,,,,,,,,,,,,,,,,,,,,,,,,,,,,,,,,,,,,,,,,,,,,,,,,,,,,,,,,,,,,,,,,,,,,,,,,,,,,,,,,,,,,,,,,,,,,,,,,,,,,,,,,,,,,,,,,,,,,,,,,,,,,,,,,,,,,,,,,,,,,,,,,,,,,,,,,,,,,,,,,,,,,,,,,,,,,,,,,,,,,,,,,,,,,,,,,,
Chandigarh,CH,Chandigarh,,28,61966,0,811,61127,0,0,0,,,,,,,,,,,,,,,,,,,,,,,,,,,,,,,,,,,,,,,,,,,,,,,,,,,,,,,,,,,,,,,,,,,,,,,,,,,,,,,,,,,,,,,,,,,,,,,,,,,,,,,,,,,,,,,,,,,,,,,,,,,,,,,,,,,,,,,,,,,,,,,,,,,,,,,,,,,,,,,,,,,,,,,,,,,,,,,,,,,,,,,,,,,,,,,,,,,,,,,,,,,,,,,,,,,,,,,,,,,,,,,,,,,,,,,,,,,,,,,,,,,,,,,,,,,,,,,,,,,,,,,,,,,,,,,,,,,,,,,,,,,,,,,,,,,,,,,,,,,,,,,,,,,,,,,,,,,,,,,,,,,,,,,,,,,,,,,,,,,,,,,,,,,,,,,,,,,,,,,,,,,,,,,,,,,,,,,,,,,,,,,,,,,,,,,,,,,,,,,,,,,,,,,,,,,,,,,,,,,,,,,,,,,,,,,,,,,,,,,,,,,,,,,,,,,,,,,,,,,,,,,,,,,,,,,,,,,,,,,,,,,,,,,,,,,,,,,,,,,,,,,,,,,,,,,,,,,,,,,,,,,,,,,,,,,,,,,,,,,,,,,,,,,,,,,,,,,,,,,,,,,,,,,,,,,,,,,,,,,,,,,,,,,,,,,,,,,,,,,,,,,,,,,,,,,,,,,,,,,,,,,,,,,,,,,,,,,,,,,,,,,,,,,,,,,,,,,,,,,,,,,,,,,,,,,,,,,,,,,,,,,,,,,,,,,,,,,,,,,,,,,,,,,,,,,,,,,,,,,,,,,,,,,,,,,,,,,,,,,,
Chhattisgarh,CT,Other State,,22,765,0,131,612,0,0,0,Balod,,29,27250,0,395,26826,0,0,0,Baloda Bazar,,145,42980,0,470,42365,0,0,0,Balrampur,,33,20265,0,118,20114,0,0,0,Bametara,,5,19942,0,236,19701,0,0,0,Bastar,,123,20835,0,188,20524,0,0,0,Bijapur,,88,8245,0,53,8104,0,0,0,Bilaspur,,92,65421,0,1204,64125,0,0,0,Dakshin Bastar Dantewada,,47,10736,0,24,10665,0,0,0,Dhamtari,,56,27180,0,544,26580,0,0,0,Durg,,150,96616,0,1792,94674,0,0,0,Gariaband,,30,19659,0,194,19435,0,0,0,Janjgir Champa,,109,57377,0,828,56440,0,0,0,Jashpur,,79,26875,0,212,26584,0,0,0,Kabeerdham,,5,22764,0,267,22492,0,0,0,Kondagaon,,32,13054,0,99,12923,0,0,0,Korba,,90,54550,0,575,53885,0,0,0,Koriya,,51,26902,0,175,26676,0,0,0,Mahasamund,,37,31295,0,362,30896,0,0,0,Mungeli,,27,23888,0,167,23694,0,0,0,Narayanpur,,32,3992,0,14,3946,0,0,0,Raigarh,,61,62438,0,978,61399,0,0,0,Raipur,,139,157753,0,3139,154475,0,0,0,Rajnandgaon,,27,56008,0,513,55468,0,0,0,Sukma,,62,7943,0,18,7863,0,0,0,Surajpur,,45,29006,0,224,28737,0,0,0,Surguja,,52,33623,0,245,33326,0,0,0,Uttar Bastar Kanker,,136,23483,0,222,23125,0,0,0,Gaurela Pendra Marwahi,,26,12004,0,146,11832,0,0,0,,,,,,,,,,,,,,,,,,,,,,,,,,,,,,,,,,,,,,,,,,,,,,,,,,,,,,,,,,,,,,,,,,,,,,,,,,,,,,,,,,,,,,,,,,,,,,,,,,,,,,,,,,,,,,,,,,,,,,,,,,,,,,,,,,,,,,,,,,,,,,,,,,,,,,,,,,,,,,,,,,,,,,,,,,,,,,,,,,,,,,,,,,,,,,,,,,,,,,,,,,,,,,,,,,,,,,,,,,,,,,,,,,,,,,,,,,,,,,,,,,,,,,,,,,,,,,,,,,,,,,,,,,,,,,,,,,,,,,,,,,,,,,,,,,,,,,,,,,,,,,,,,,,,,,,,,,,,,,,,,,,,,,,,,,,,,,,,,,,,,,,,,,,,,,,,,,,,,,,,,,,,,,,,,,,,,,,,,,,,,,,,,,,,,,,,,,,,,,,,,,,,,,,,,,,,,,,,,,,,,,,,,,,,,,,,,,,,,,,,,,,,,,,,,,,,,,,,,,,,
Delhi,DL,Central Delhi,District-wise numbers are out-dated as cumulative counts for each district are not reported in bulletin,184,184,0,0,0,0,0,0,East Delhi,District-wise numbers are out-dated as cumulative counts for each district are not reported in bulletin,38,38,0,0,0,0,0,0,New Delhi,District-wise numbers are out-dated as cumulative counts for each district are not reported in bulletin,37,37,0,0,0,0,0,0,North Delhi,District-wise numbers are out-dated as cumulative counts for each district are not reported in bulletin,60,60,0,0,0,0,0,0,North East Delhi,District-wise numbers are out-dated as cumulative counts for each district are not reported in bulletin,25,25,0,0,0,0,0,0,North West Delhi,District-wise numbers are out-dated as cumulative counts for each district are not reported in bulletin,31,32,0,1,0,0,0,0,Shahdara,District-wise numbers are out-dated as cumulative counts for each district are not reported in bulletin,48,48,0,0,0,0,0,0,South Delhi,District-wise numbers are out-dated as cumulative counts for each district are not reported in bulletin,70,70,0,0,0,0,0,0,South East Delhi,District-wise numbers are out-dated as cumulative counts for each district are not reported in bulletin,130,130,0,0,0,0,0,0,South West Delhi,District-wise numbers are out-dated as cumulative counts for each district are not reported in bulletin,42,42,0,0,0,0,0,0,West Delhi,District-wise numbers are out-dated as cumulative counts for each district are not reported in bulletin,122,122,0,0,0,0,0,0,Unknown,,-269,1435791,0,25059,1411001,0,0,0,,,,,,,,,,,,,,,,,,,,,,,,,,,,,,,,,,,,,,,,,,,,,,,,,,,,,,,,,,,,,,,,,,,,,,,,,,,,,,,,,,,,,,,,,,,,,,,,,,,,,,,,,,,,,,,,,,,,,,,,,,,,,,,,,,,,,,,,,,,,,,,,,,,,,,,,,,,,,,,,,,,,,,,,,,,,,,,,,,,,,,,,,,,,,,,,,,,,,,,,,,,,,,,,,,,,,,,,,,,,,,,,,,,,,,,,,,,,,,,,,,,,,,,,,,,,,,,,,,,,,,,,,,,,,,,,,,,,,,,,,,,,,,,,,,,,,,,,,,,,,,,,,,,,,,,,,,,,,,,,,,,,,,,,,,,,,,,,,,,,,,,,,,,,,,,,,,,,,,,,,,,,,,,,,,,,,,,,,,,,,,,,,,,,,,,,,,,,,,,,,,,,,,,,,,,,,,,,,,,,,,,,,,,,,,,,,,,,,,,,,,,,,,,,,,,,,,,,,,,,,,,,,,,,,,,,,,,,,,,,,,,,,,,,,,,,,,,,,,,,,,,,,,,,,,,,,,,,,,,,,,,,,,,,,,,,,,,,,,,,,,,,,,,,,,,,,,,,,,,,,,,,,,,,,,,,,,,,,,,,,,,,,,,,,,,,,,,,,,,,,,,,,,,,,,,,,,,,,,,,,,,,,,,,,,
Dadra and Nagar Haveli and Daman and Diu,DN,Other State,,0,0,0,0,0,0,0,0,Dadra and Nagar Haveli,,9,5904,5,3,5887,0,0,0,Daman,,5,3533,26,1,3501,0,0,0,Diu,,3,1218,0,0,1215,0,0,0,,,,,,,,,,,,,,,,,,,,,,,,,,,,,,,,,,,,,,,,,,,,,,,,,,,,,,,,,,,,,,,,,,,,,,,,,,,,,,,,,,,,,,,,,,,,,,,,,,,,,,,,,,,,,,,,,,,,,,,,,,,,,,,,,,,,,,,,,,,,,,,,,,,,,,,,,,,,,,,,,,,,,,,,,,,,,,,,,,,,,,,,,,,,,,,,,,,,,,,,,,,,,,,,,,,,,,,,,,,,,,,,,,,,,,,,,,,,,,,,,,,,,,,,,,,,,,,,,,,,,,,,,,,,,,,,,,,,,,,,,,,,,,,,,,,,,,,,,,,,,,,,,,,,,,,,,,,,,,,,,,,,,,,,,,,,,,,,,,,,,,,,,,,,,,,,,,,,,,,,,,,,,,,,,,,,,,,,,,,,,,,,,,,,,,,,,,,,,,,,,,,,,,,,,,,,,,,,,,,,,,,,,,,,,,,,,,,,,,,,,,,,,,,,,,,,,,,,,,,,,,,,,,,,,,,,,,,,,,,,,,,,,,,,,,,,,,,,,,,,,,,,,,,,,,,,,,,,,,,,,,,,,,,,,,,,,,,,,,,,,,,,,,,,,,,,,,,,,,,,,,,,,,,,,,,,,,,,,,,,,,,,,,,,,,,,,,,,,,,,,,,,,,,,,,,,,,,,,,,,,,,,,,,,,,,,,,,,,,,,,,,,,,,,,,,,,,,,,,,,,,,,,,,,,,,,,,,,,,,,,,,,,,,,,,,,,,,,,,,,,,,,,,,,,,
Goa,GA,Other State,District-wise numbers are out-dated as cumulative counts for each district are not reported in bulletin,9,200,0,1,190,0,0,0,North Goa,District-wise numbers are out-dated as cumulative counts for each district are not reported in bulletin,1639,2668,0,65,964,0,0,0,South Goa,District-wise numbers are out-dated as cumulative counts for each district are not reported in bulletin,1978,3511,0,126,1407,0,0,0,Unknown,,-2597,165229,0,2964,164862,0,0,0,,,,,,,,,,,,,,,,,,,,,,,,,,,,,,,,,,,,,,,,,,,,,,,,,,,,,,,,,,,,,,,,,,,,,,,,,,,,,,,,,,,,,,,,,,,,,,,,,,,,,,,,,,,,,,,,,,,,,,,,,,,,,,,,,,,,,,,,,,,,,,,,,,,,,,,,,,,,,,,,,,,,,,,,,,,,,,,,,,,,,,,,,,,,,,,,,,,,,,,,,,,,,,,,,,,,,,,,,,,,,,,,,,,,,,,,,,,,,,,,,,,,,,,,,,,,,,,,,,,,,,,,,,,,,,,,,,,,,,,,,,,,,,,,,,,,,,,,,,,,,,,,,,,,,,,,,,,,,,,,,,,,,,,,,,,,,,,,,,,,,,,,,,,,,,,,,,,,,,,,,,,,,,,,,,,,,,,,,,,,,,,,,,,,,,,,,,,,,,,,,,,,,,,,,,,,,,,,,,,,,,,,,,,,,,,,,,,,,,,,,,,,,,,,,,,,,,,,,,,,,,,,,,,,,,,,,,,,,,,,,,,,,,,,,,,,,,,,,,,,,,,,,,,,,,,,,,,,,,,,,,,,,,,,,,,,,,,,,,,,,,,,,,,,,,,,,,,,,,,,,,,,,,,,,,,,,,,,,,,,,,,,,,,,,,,,,,,,,,,,,,,,,,,,,,,,,,,,,,,,,,,,,,,,,,,,,,,,,,,,,,,,,,,,,,,,,,,,,,,,,,,,,,,,,,,,,,,,,,,,,,,,,,,,,,,,,,,,,,,,,,,,,,,,,,
Gujarat,GJ,Other State,,0,162,0,3,159,0,0,0,Ahmedabad,,56,237992,0,3411,234525,0,0,0,Amreli,,2,10800,0,102,10696,0,0,0,Anand,,4,9618,0,49,9565,0,0,0,Aravalli,,0,5183,0,78,5105,0,0,0,Banaskantha,,1,13631,0,162,13468,0,0,0,Bharuch,,5,11425,0,118,11302,0,0,0,Bhavnagar,,2,21411,0,300,21109,0,0,0,Botad,,1,2218,0,42,2175,0,0,0,Chhota Udaipur,,0,3395,0,38,3357,0,0,0,Dahod,,6,9943,0,38,9899,0,0,0,Dang,,1,864,0,18,845,0,0,0,Devbhumi Dwarka,,0,4172,0,82,4090,0,0,0,Gandhinagar,,8,20738,0,205,20525,0,0,0,Gir Somnath,,2,8552,0,67,8483,0,0,0,Jamnagar,,13,34945,0,477,34455,0,0,0,Junagadh,,10,20468,0,271,20187,0,0,0,Kheda,,0,10417,0,48,10369,0,0,0,Kutch,,3,12587,0,145,12439,0,0,0,Mahisagar,,1,8192,0,72,8119,0,0,0,Mehsana,,6,24414,0,177,24231,0,0,0,Morbi,,2,6502,0,87,6413,0,0,0,Narmada,,1,5952,0,15,5936,0,0,0,Navsari,,3,7152,0,24,7125,0,0,0,Panchmahal,,5,11770,0,70,11695,0,0,0,Patan,,2,11624,0,129,11493,0,0,0,Porbandar,,0,3474,0,19,3455,0,0,0,Rajkot,,7,57907,0,723,57177,0,0,0,Sabarkantha,,1,9314,0,157,9156,0,0,0,Surat,,13,143461,0,1954,141494,0,0,0,Surendranagar,,0,8121,0,136,7985,0,0,0,Tapi,,3,4438,0,22,4413,0,0,0,Vadodara,,46,77892,0,788,77058,0,0,0,Valsad,,2,6244,0,49,6193,0,0,0,,,,,,,,,,,,,,,,,,,,,,,,,,,,,,,,,,,,,,,,,,,,,,,,,,,,,,,,,,,,,,,,,,,,,,,,,,,,,,,,,,,,,,,,,,,,,,,,,,,,,,,,,,,,,,,,,,,,,,,,,,,,,,,,,,,,,,,,,,,,,,,,,,,,,,,,,,,,,,,,,,,,,,,,,,,,,,,,,,,,,,,,,,,,,,,,,,,,,,,,,,,,,,,,,,,,,,,,,,,,,,,,,,,,,,,,,,,,,,,,,,,,,,,,,,,,,,,,,,,,,,,,,,,,,,,,,,,,,,,,,,,,,,,,,,,,,,,,,,,,,,,,,,,,,,,,,,,,,,,,,,,,,,,,,,,,,,,,,,,,,,,,,,,,,,,,,,,,,,,,,,,,,,,,,,,,,,,,,,,,,,,,,,,,,,,,,,,,,,,,,,,,,,,,,,
Himachal Pradesh,HP,Bilaspur,,62,12952,1,79,12810,0,0,0,Chamba,,305,12296,2,151,11838,0,0,0,Hamirpur,,128,14646,1,257,14260,0,0,0,Kangra,,249,46524,4,1042,45229,0,0,0,Kinnaur,,20,3319,0,38,3261,0,0,0,Kullu,,125,9199,26,154,8894,0,0,0,Lahaul and Spiti,,23,2770,0,17,2730,0,0,0,Mandi,,345,28254,0,404,27505,0,0,0,Shimla,,230,25843,4,604,25005,0,0,0,Sirmaur,,15,15377,0,210,15152,0,0,0,Solan,,59,22438,0,314,22065,0,0,0,Una,,49,13470,2,245,13174,0,0,0,,,,,,,,,,,,,,,,,,,,,,,,,,,,,,,,,,,,,,,,,,,,,,,,,,,,,,,,,,,,,,,,,,,,,,,,,,,,,,,,,,,,,,,,,,,,,,,,,,,,,,,,,,,,,,,,,,,,,,,,,,,,,,,,,,,,,,,,,,,,,,,,,,,,,,,,,,,,,,,,,,,,,,,,,,,,,,,,,,,,,,,,,,,,,,,,,,,,,,,,,,,,,,,,,,,,,,,,,,,,,,,,,,,,,,,,,,,,,,,,,,,,,,,,,,,,,,,,,,,,,,,,,,,,,,,,,,,,,,,,,,,,,,,,,,,,,,,,,,,,,,,,,,,,,,,,,,,,,,,,,,,,,,,,,,,,,,,,,,,,,,,,,,,,,,,,,,,,,,,,,,,,,,,,,,,,,,,,,,,,,,,,,,,,,,,,,,,,,,,,,,,,,,,,,,,,,,,,,,,,,,,,,,,,,,,,,,,,,,,,,,,,,,,,,,,,,,,,,,,,,,,,,,,,,,,,,,,,,,,,,,,,,,,,,,,,,,,,,,,,,,,,,,,,,,,,,,,,,,,,,,,,,,,,,,,,,,,,,,,,,,,,,,,,,,,,,,,,,,,,,,,,,,,,,,,,,,,,,,,,,,,,,,,,,,,,,,,,,,,,,,,,,,,,,,,,,,,,,,,,,,,,,,,,,,
Haryana,HR,Foreign Evacuees,,0,0,0,0,0,0,0,0,Ambala,,17,30103,0,509,29577,0,0,0,Bhiwani,,50,22390,0,604,21736,0,0,0,Charkhi Dadri,,5,5067,0,130,4932,0,0,0,Faridabad,,18,99784,0,716,99050,0,0,0,Fatehabad,,12,17854,0,463,17379,0,0,0,Gurugram,,82,180942,0,919,179941,0,0,0,Hisar,,101,53974,0,1039,52834,0,0,0,Italians,,0,0,0,0,0,0,0,0,Jhajjar,,23,18827,0,305,18499,0,0,0,Jind,,15,21201,0,522,20664,0,0,0,Kaithal,,18,11215,0,337,10860,0,0,0,Karnal,,41,39993,0,546,39406,0,0,0,Kurukshetra,,16,22110,0,356,21738,0,0,0,Mahendragarh,,7,21687,0,153,21527,0,0,0,Nuh,,0,5009,0,120,4889,0,0,0,Palwal,,5,10979,0,153,10821,0,0,0,Panchkula,,25,30649,0,374,30250,0,0,0,Panipat,,94,31133,0,565,30474,0,0,0,Rewari,,21,20304,0,209,20074,0,0,0,Rohtak,,82,25865,0,499,25284,0,0,0,Sirsa,,50,29253,0,466,28737,0,0,0,Sonipat,,5,47126,0,254,46867,0,0,0,Yamunanagar,,16,24562,0,407,24139,0,0,0,,,,,,,,,,,,,,,,,,,,,,,,,,,,,,,,,,,,,,,,,,,,,,,,,,,,,,,,,,,,,,,,,,,,,,,,,,,,,,,,,,,,,,,,,,,,,,,,,,,,,,,,,,,,,,,,,,,,,,,,,,,,,,,,,,,,,,,,,,,,,,,,,,,,,,,,,,,,,,,,,,,,,,,,,,,,,,,,,,,,,,,,,,,,,,,,,,,,,,,,,,,,,,,,,,,,,,,,,,,,,,,,,,,,,,,,,,,,,,,,,,,,,,,,,,,,,,,,,,,,,,,,,,,,,,,,,,,,,,,,,,,,,,,,,,,,,,,,,,,,,,,,,,,,,,,,,,,,,,,,,,,,,,,,,,,,,,,,,,,,,,,,,,,,,,,,,,,,,,,,,,,,,,,,,,,,,,,,,,,,,,,,,,,,,,,,,,,,,,,,,,,,,,,,,,,,,,,,,,,,,,,,,,,,,,,,,,,,,,,,,,,,,,,,,,,,,,,,,,,,,,,,,,,,,,,,,,,,,,,,,,,,,,,,,,,,,,,,,,,,,,,,,,,,,,
Jharkhand,JH,Bokaro,,12,19402,0,285,19105,0,0,0,Chatra,,5,6025,0,53,5967,0,0,0,Deoghar,,11,10786,0,113,10662,0,0,0,Dhanbad,,16,16488,0,379,16093,0,0,0,Dumka,,3,4630,0,47,4580,0,0,0,East Singhbhum,,13,51769,0,1043,50713,0,0,0,Garhwa,,5,6883,0,94,6784,0,0,0,Giridih,,3,8958,0,130,8825,0,0,0,Godda,,3,5836,0,87,5746,0,0,0,Gumla,,5,9893,0,38,9850,0,0,0,Hazaribagh,,2,19577,0,186,19389,0,0,0,Jamtara,,3,5553,0,60,5490,0,0,0,Khunti,,3,7774,0,96,7675,0,0,0,Koderma,,23,12865,0,136,12706,0,0,0,Latehar,,5,7859,0,57,7797,0,0,0,Lohardaga,,8,6688,0,88,6592,0,0,0,Pakur,,4,2547,0,12,2531,0,0,0,Palamu,,2,12289,0,110,12177,0,0,0,Ramgarh,,12,13884,0,196,13676,0,0,0,Ranchi,,55,85396,0,1585,83756,0,0,0,Sahibganj,,17,4813,0,42,4754,0,0,0,Saraikela-Kharsawan,,5,7204,0,67,7132,0,0,0,Simdega,,4,7185,0,92,7089,0,0,0,West Singhbhum,,4,13000,0,133,12863,0,0,0,,,,,,,,,,,,,,,,,,,,,,,,,,,,,,,,,,,,,,,,,,,,,,,,,,,,,,,,,,,,,,,,,,,,,,,,,,,,,,,,,,,,,,,,,,,,,,,,,,,,,,,,,,,,,,,,,,,,,,,,,,,,,,,,,,,,,,,,,,,,,,,,,,,,,,,,,,,,,,,,,,,,,,,,,,,,,,,,,,,,,,,,,,,,,,,,,,,,,,,,,,,,,,,,,,,,,,,,,,,,,,,,,,,,,,,,,,,,,,,,,,,,,,,,,,,,,,,,,,,,,,,,,,,,,,,,,,,,,,,,,,,,,,,,,,,,,,,,,,,,,,,,,,,,,,,,,,,,,,,,,,,,,,,,,,,,,,,,,,,,,,,,,,,,,,,,,,,,,,,,,,,,,,,,,,,,,,,,,,,,,,,,,,,,,,,,,,,,,,,,,,,,,,,,,,,,,,,,,,,,,,,,,,,,,,,,,,,,,,,,,,,,,,,,,,,,,,,,,,,,,,,,,,,,,,,,,,,,,,,,,,,,,,,,,,,,,,,,,,,,,,,,,,,,,,
Jammu and Kashmir,JK,Anantnag,,37,16334,0,205,16092,0,0,0,Bandipora,,30,9495,0,100,9365,0,0,0,Baramulla,,137,23687,0,282,23268,0,0,0,Budgam,,79,22933,0,206,22648,0,0,0,Doda,,119,7309,0,127,7063,0,0,0,Ganderbal,,71,9954,0,78,9805,0,0,0,Jammu,,113,52809,0,1139,51557,0,0,0,Kathua,,5,9265,0,151,9109,0,0,0,Kishtwar,,36,4660,0,44,4580,0,0,0,Kulgam,,27,11278,0,117,11134,0,0,0,Kupwara,,33,14098,0,165,13900,0,0,0,Mirpur,,0,0,0,0,0,0,0,0,Muzaffarabad,,0,0,0,0,0,0,0,0,Pulwama,,48,15208,0,194,14966,0,0,0,Punch,,29,6273,0,96,6148,0,0,0,Rajouri,,68,10969,0,227,10674,0,0,0,Ramban,,28,5974,0,66,5880,0,0,0,Reasi,,114,6332,0,43,6175,0,0,0,Samba,,3,7123,0,119,7001,0,0,0,Shopiyan,,6,5585,0,58,5521,0,0,0,Srinagar,,337,71536,0,833,70366,0,0,0,Udhampur,,38,11320,0,136,11146,0,0,0,,,,,,,,,,,,,,,,,,,,,,,,,,,,,,,,,,,,,,,,,,,,,,,,,,,,,,,,,,,,,,,,,,,,,,,,,,,,,,,,,,,,,,,,,,,,,,,,,,,,,,,,,,,,,,,,,,,,,,,,,,,,,,,,,,,,,,,,,,,,,,,,,,,,,,,,,,,,,,,,,,,,,,,,,,,,,,,,,,,,,,,,,,,,,,,,,,,,,,,,,,,,,,,,,,,,,,,,,,,,,,,,,,,,,,,,,,,,,,,,,,,,,,,,,,,,,,,,,,,,,,,,,,,,,,,,,,,,,,,,,,,,,,,,,,,,,,,,,,,,,,,,,,,,,,,,,,,,,,,,,,,,,,,,,,,,,,,,,,,,,,,,,,,,,,,,,,,,,,,,,,,,,,,,,,,,,,,,,,,,,,,,,,,,,,,,,,,,,,,,,,,,,,,,,,,,,,,,,,,,,,,,,,,,,,,,,,,,,,,,,,,,,,,,,,,,,,,,,,,,,,,,,,,,,,,,,,,,,,,,,,,,,,,,,,,,,,,,,,,,,,,,,,,,,,,,,,,,,,,,,,,,,,,,,,
Karnataka,KA,Bagalkote,,47,35115,0,327,34741,0,0,0,Ballari,,223,97459,0,1684,95552,0,0,0,Belagavi,,496,78414,0,870,77048,0,0,0,Bengaluru Rural,,395,61069,0,858,59816,0,0,0,Bengaluru Urban,,8560,1229340,1,15901,1204878,0,0,0,Bidar,,10,24273,4,396,23863,0,0,0,Chamarajanagara,,305,32434,11,485,31633,0,0,0,Chikkaballapura,,166,43731,1,420,43144,0,0,0,Chikkamagaluru,,966,48664,0,377,47321,0,0,0,Chitradurga,,565,35998,0,187,35246,0,0,0,Dakshina Kannada,,3213,101993,4,1448,97328,0,0,0,Davanagere,,237,50450,0,587,49626,0,0,0,Dharwad,,160,60540,2,1280,59098,0,0,0,Gadag,,38,25997,0,316,25643,0,0,0,Hassan,,1869,107238,2,1173,104194,0,0,0,Haveri,,27,21868,0,628,21213,0,0,0,Kalaburagi,,101,61646,0,818,60727,0,0,0,Kodagu,,837,33527,0,298,32392,0,0,0,Kolar,,258,45707,0,579,44870,0,0,0,Koppal,,80,35094,0,517,34497,0,0,0,Mandya,,448,72299,0,622,71229,0,0,0,Mysuru,,1396,173599,0,2319,169884,0,0,0,Other State,,0,36,0,3,33,0,0,0,Raichur,,17,39878,0,329,39532,0,0,0,Ramanagara,,97,24025,0,310,23618,0,0,0,Shivamogga,,759,67158,0,1060,65339,0,0,0,Tumakuru,,954,118136,0,1077,116105,0,0,0,Udupi,,1555,70454,0,425,68474,0,0,0,Uttara Kannada,,559,53714,0,717,52438,0,0,0,Vijayapura,,58,36160,0,488,35614,0,0,0,Yadgir,,18,27496,0,206,27272,0,0,0,,,,,,,,,,,,,,,,,,,,,,,,,,,,,,,,,,,,,,,,,,,,,,,,,,,,,,,,,,,,,,,,,,,,,,,,,,,,,,,,,,,,,,,,,,,,,,,,,,,,,,,,,,,,,,,,,,,,,,,,,,,,,,,,,,,,,,,,,,,,,,,,,,,,,,,,,,,,,,,,,,,,,,,,,,,,,,,,,,,,,,,,,,,,,,,,,,,,,,,,,,,,,,,,,,,,,,,,,,,,,,,,,,,,,,,,,,,,,,,,,,,,,,,,,,,,,,,,,,,,,,,,,,,,,,,,,,,,,,,,,,,,,,,,,,,,,,,,,,,,,,,,,,,,,,,,,,,,,,,,,,,,,,,,,,,,,,,,,,,,,,,,,,,,,,,,,,,,,,,,,,,,,,,,,,,,,,,,,,,,,,,,,,,,,,,,,,,,,,,,,,,,,,,,,,,,,,,,,,,,,,,,,,,,,,,,,,,,,,,,
Kerala,KL,Other State,,0,0,0,0,0,0,0,0,Alappuzha,,8984,230494,40,1122,220348,0,0,0,Ernakulam,,26248,417025,69,1746,388962,0,0,0,Idukki,,5952,93998,8,216,87822,0,0,0,Kannur,,9166,192785,51,1102,182466,0,0,0,Kasaragod,,9080,111170,18,359,101713,0,0,0,Kollam,,3381,276462,59,1318,271704,0,0,0,Kottayam,,8538,226026,14,726,216748,0,0,0,Kozhikode,,23145,374100,43,1778,349134,0,0,0,Malappuram,,28059,422089,30,1419,392581,0,0,0,Palakkad,,16921,257739,20,1561,239237,0,0,0,Pathanamthitta,,7771,133346,11,533,125031,0,0,0,Thiruvananthapuram,,9949,337284,115,3297,323923,0,0,0,Thrissur,,12914,340753,26,1864,325949,0,0,0,Wayanad,,7815,80332,14,287,72216,0,0,0,,,,,,,,,,,,,,,,,,,,,,,,,,,,,,,,,,,,,,,,,,,,,,,,,,,,,,,,,,,,,,,,,,,,,,,,,,,,,,,,,,,,,,,,,,,,,,,,,,,,,,,,,,,,,,,,,,,,,,,,,,,,,,,,,,,,,,,,,,,,,,,,,,,,,,,,,,,,,,,,,,,,,,,,,,,,,,,,,,,,,,,,,,,,,,,,,,,,,,,,,,,,,,,,,,,,,,,,,,,,,,,,,,,,,,,,,,,,,,,,,,,,,,,,,,,,,,,,,,,,,,,,,,,,,,,,,,,,,,,,,,,,,,,,,,,,,,,,,,,,,,,,,,,,,,,,,,,,,,,,,,,,,,,,,,,,,,,,,,,,,,,,,,,,,,,,,,,,,,,,,,,,,,,,,,,,,,,,,,,,,,,,,,,,,,,,,,,,,,,,,,,,,,,,,,,,,,,,,,,,,,,,,,,,,,,,,,,,,,,,,,,,,,,,,,,,,,,,,,,,,,,,,,,,,,,,,,,,,,,,,,,,,,,,,,,,,,,,,,,,,,,,,,,,,,,,,,,,,,,,,,,,,,,,,,,,,,,,,,,,,,,,,,,,,,,,,,,,,,,,,,,,,,,,,,,,,,,,,,,,,,,,,,,,,,,,,,,,,,,,
Ladakh,LA,Kargil,,5,3557,0,58,3494,0,0,0,Leh,,57,16812,0,149,16606,0,0,0,,,,,,,,,,,,,,,,,,,,,,,,,,,,,,,,,,,,,,,,,,,,,,,,,,,,,,,,,,,,,,,,,,,,,,,,,,,,,,,,,,,,,,,,,,,,,,,,,,,,,,,,,,,,,,,,,,,,,,,,,,,,,,,,,,,,,,,,,,,,,,,,,,,,,,,,,,,,,,,,,,,,,,,,,,,,,,,,,,,,,,,,,,,,,,,,,,,,,,,,,,,,,,,,,,,,,,,,,,,,,,,,,,,,,,,,,,,,,,,,,,,,,,,,,,,,,,,,,,,,,,,,,,,,,,,,,,,,,,,,,,,,,,,,,,,,,,,,,,,,,,,,,,,,,,,,,,,,,,,,,,,,,,,,,,,,,,,,,,,,,,,,,,,,,,,,,,,,,,,,,,,,,,,,,,,,,,,,,,,,,,,,,,,,,,,,,,,,,,,,,,,,,,,,,,,,,,,,,,,,,,,,,,,,,,,,,,,,,,,,,,,,,,,,,,,,,,,,,,,,,,,,,,,,,,,,,,,,,,,,,,,,,,,,,,,,,,,,,,,,,,,,,,,,,,,,,,,,,,,,,,,,,,,,,,,,,,,,,,,,,,,,,,,,,,,,,,,,,,,,,,,,,,,,,,,,,,,,,,,,,,,,,,,,,,,,,,,,,,,,,,,,,,,,,,,,,,,,,,,,,,,,,,,,,,,,,,,,,,,,,,,,,,,,,,,,,,,,,,,,,,,,,,,,,,,,,,,,,,,,,,,,,,,,,,,,,,,,,,,,,,,,,,,,,,,,,,,,,,,,,,,,,,,,,,
Lakshadweep,LD,Lakshadweep,,77,10235,40,49,10069,0,0,0,Unknown,,-1,0,0,1,0,0,0,0,,,,,,,,,,,,,,,,,,,,,,,,,,,,,,,,,,,,,,,,,,,,,,,,,,,,,,,,,,,,,,,,,,,,,,,,,,,,,,,,,,,,,,,,,,,,,,,,,,,,,,,,,,,,,,,,,,,,,,,,,,,,,,,,,,,,,,,,,,,,,,,,,,,,,,,,,,,,,,,,,,,,,,,,,,,,,,,,,,,,,,,,,,,,,,,,,,,,,,,,,,,,,,,,,,,,,,,,,,,,,,,,,,,,,,,,,,,,,,,,,,,,,,,,,,,,,,,,,,,,,,,,,,,,,,,,,,,,,,,,,,,,,,,,,,,,,,,,,,,,,,,,,,,,,,,,,,,,,,,,,,,,,,,,,,,,,,,,,,,,,,,,,,,,,,,,,,,,,,,,,,,,,,,,,,,,,,,,,,,,,,,,,,,,,,,,,,,,,,,,,,,,,,,,,,,,,,,,,,,,,,,,,,,,,,,,,,,,,,,,,,,,,,,,,,,,,,,,,,,,,,,,,,,,,,,,,,,,,,,,,,,,,,,,,,,,,,,,,,,,,,,,,,,,,,,,,,,,,,,,,,,,,,,,,,,,,,,,,,,,,,,,,,,,,,,,,,,,,,,,,,,,,,,,,,,,,,,,,,,,,,,,,,,,,,,,,,,,,,,,,,,,,,,,,,,,,,,,,,,,,,,,,,,,,,,,,,,,,,,,,,,,,,,,,,,,,,,,,,,,,,,,,,,,,,,,,,,,,,,,,,,,,,,,,,,,,,,,,,,,,,,,,,,,,,,,,,,,,,,,,,,,,,,,,,
Maharashtra,MH,Ahmednagar,,6220,290548,1,6243,278084,0,0,0,Akola,,115,58619,4,1420,57080,0,0,0,Amravati,,87,95979,2,1636,94254,0,0,0,Aurangabad,,773,154363,14,4111,149465,0,0,0,Beed,,1769,98442,7,2617,94049,0,0,0,Bhandara,,270,60036,10,1113,58643,0,0,0,Buldhana,,185,84697,6,759,83747,0,0,0,Chandrapur,,167,88654,4,1604,86879,0,0,0,Dhule,,422,46268,12,652,45182,0,0,0,Gadchiroli,,32,30249,31,672,29514,0,0,0,Gondia,,95,40534,7,568,39864,0,0,0,Hingoli,,76,18406,1,498,17831,0,0,0,Jalgaon,,396,139763,32,2655,136680,0,0,0,Jalna,,101,60213,1,1198,58913,0,0,0,Kolhapur,,5152,196850,5,5568,186125,0,0,0,Latur,,513,91015,6,2404,88092,0,0,0,Mumbai,"[Sep 9]After reconciling COVID-19 cases in Mumbai, owing to the removal of duplicates and change of addresses as per the original residence, 239 cases have been removed from the progressive figures.",5036,736553,2395,15929,713193,0,0,0,Mumbai Suburban,,0,0,0,0,0,0,0,0,Nagpur,District administration provides number of persons tested instead of the number of samples tested.,1761,493039,71,9135,482072,0,0,0,Nanded,Number of active cases differs in the state bulletin and district bulletin. We follow the state bulletin.,441,90616,6,2659,87510,0,0,0,Nandurbar,,10,39964,3,948,39003,0,0,0,Nashik,Number of active cases differs in the state bulletin and district bulletin. We follow the state bulletin.,922,403018,1,8546,393549,0,0,0,Osmanabad,,933,64439,111,1823,61572,0,0,0,Other State,,28,146,2,116,0,0,0,0,Palghar,,827,133591,14,3208,129542,0,0,0,Parbhani,,261,52265,18,1220,50766,0,0,0,Pune,Number of active cases differs in the state bulletin and district bulletin. We follow the state bulletin.,14974,1094256,296,18580,1060406,0,0,0,Raigad,Number of active cases differs in the state bulletin and district bulletin. We follow the state bulletin.,2389,184592,6,4246,177951,0,0,0,Ratnagiri,,2026,72458,4,2103,68325,0,0,0,Sangli,,7863,188314,8,5136,175307,0,0,0,Satara,,7516,222210,26,5363,209305,0,0,0,Sindhudurg,,1701,48722,15,1241,45765,0,0,0,Solapur,,5393,190703,92,4891,180327,0,0,0,Thane,,6160,590534,34,11066,573274,0,0,0,Wardha,,168,58339,165,1204,56802,0,0,0,Washim,,94,41615,3,617,40901,0,0,0,Yavatmal,,119,76210,4,1781,74306,0,0,0,,,,,,,,,,,,,,,,,,,,,,,,,,,,,,,,,,,,,,,,,,,,,,,,,,,,,,,,,,,,,,,,,,,,,,,,,,,,,,,,,,,,,,,,,,,,,,,,,,,,,,,,,,,,,,,,,,,,,,,,,,,,,,,,,,,,,,,,,,,,,,,,,,,,,,,,,,,,,,,,,,,,,,,,,,,,,,,,,,,,,,,,,,,,,,,,,,,,,,,,,,,,,,,,,,,,,,,,,,,,,,,,,,,,,,,,,,,,,,,,,,,,,,,,,,,,,,,,,,,,,,,,,,,,,,,,,,,,,,,,,,,,,,,,,,,,,,,,,,,,,,,,,,,,,,,,,,,,,,,,,,,,,,,,,,,,,,,,,,,,,,,,,,,,,,,,,,,,,,,,,,,,,,,,,,,,,,,,,,,,
Meghalaya,ML,East Garo Hills,,82,1726,0,8,1636,0,0,0,East Jaintia Hills,,135,2191,0,25,2031,0,0,0,East Khasi Hills,,2183,33023,0,802,30038,0,0,0,North Garo Hills,,84,1593,0,8,1501,0,0,0,Ribhoi,,541,8091,0,58,7492,0,0,0,South Garo Hills,,74,1135,0,10,1051,0,0,0,South West Garo Hills,,67,1763,0,15,1681,0,0,0,South West Khasi Hills,,267,1857,0,12,1578,0,0,0,West Garo Hills,,810,8182,0,62,7310,0,0,0,West Jaintia Hills,,566,5370,0,102,4702,0,0,0,West Khasi Hills,,765,2661,0,31,1865,0,0,0,,,,,,,,,,,,,,,,,,,,,,,,,,,,,,,,,,,,,,,,,,,,,,,,,,,,,,,,,,,,,,,,,,,,,,,,,,,,,,,,,,,,,,,,,,,,,,,,,,,,,,,,,,,,,,,,,,,,,,,,,,,,,,,,,,,,,,,,,,,,,,,,,,,,,,,,,,,,,,,,,,,,,,,,,,,,,,,,,,,,,,,,,,,,,,,,,,,,,,,,,,,,,,,,,,,,,,,,,,,,,,,,,,,,,,,,,,,,,,,,,,,,,,,,,,,,,,,,,,,,,,,,,,,,,,,,,,,,,,,,,,,,,,,,,,,,,,,,,,,,,,,,,,,,,,,,,,,,,,,,,,,,,,,,,,,,,,,,,,,,,,,,,,,,,,,,,,,,,,,,,,,,,,,,,,,,,,,,,,,,,,,,,,,,,,,,,,,,,,,,,,,,,,,,,,,,,,,,,,,,,,,,,,,,,,,,,,,,,,,,,,,,,,,,,,,,,,,,,,,,,,,,,,,,,,,,,,,,,,,,,,,,,,,,,,,,,,,,,,,,,,,,,,,,,,,,,,,,,,,,,,,,,,,,,,,,,,,,,,,,,,,,,,,,,,,,,,,,,,,,,,,,,,,,,,,,,,,,,,,,,,,,,,,,,,,,,,,,,,,,,,,,,,,,,,,,,,,,,,,,,,,,,,,,,,,,,,,,,,,,
Manipur,MN,CAPF Personnel,,1506,3189,0,2,1681,0,0,0,Bishnupur,,7294,7495,0,143,58,0,0,0,Chandel,,1608,1642,0,30,4,0,0,0,Churachandpur,,7853,8046,0,135,58,0,0,0,Imphal East,,21558,22072,0,364,150,0,0,0,Imphal West,,32475,33034,0,507,52,0,0,0,Jiribam,,859,867,0,6,2,0,0,0,Kakching,,5483,5605,0,95,27,0,0,0,Kamjong,,511,531,0,3,17,0,0,0,Kangpokpi,,1793,1861,0,49,19,0,0,0,Noney,,735,757,0,4,18,0,0,0,Pherzawl,,195,210,0,0,15,0,0,0,Senapati,,1562,1589,0,6,21,0,0,0,Tamenglong,,2692,2735,0,11,32,0,0,0,Tengnoupal,,805,826,0,8,13,0,0,0,Thoubal,,8184,8344,0,137,23,0,0,0,Ukhrul,,1457,1496,0,21,18,0,0,0,Unknown,,-87884,1848,0,93,89639,0,0,0,,,,,,,,,,,,,,,,,,,,,,,,,,,,,,,,,,,,,,,,,,,,,,,,,,,,,,,,,,,,,,,,,,,,,,,,,,,,,,,,,,,,,,,,,,,,,,,,,,,,,,,,,,,,,,,,,,,,,,,,,,,,,,,,,,,,,,,,,,,,,,,,,,,,,,,,,,,,,,,,,,,,,,,,,,,,,,,,,,,,,,,,,,,,,,,,,,,,,,,,,,,,,,,,,,,,,,,,,,,,,,,,,,,,,,,,,,,,,,,,,,,,,,,,,,,,,,,,,,,,,,,,,,,,,,,,,,,,,,,,,,,,,,,,,,,,,,,,,,,,,,,,,,,,,,,,,,,,,,,,,,,,,,,,,,,,,,,,,,,,,,,,,,,,,,,,,,,,,,,,,,,,,,,,,,,,,,,,,,,,,,,,,,,,,,,,,,,,,,,,,,,,,,,,,,,,,,,,,,,,,,,,,,,,,,,,,,,,,,,,,,,,,,,,,,,,,,,,,,,,,,,,,,,,,,,,,,,,,,,,,,,,,,,,,,,,,,,,,,,,,,,,,,,,,,,,,,,,,,,,,,,,,,,,,,,,,,,,,,,,,,,,,,,,,,,,,,,,,,,,,,,,,,,,,,
Madhya Pradesh,MP,Agar Malwa,,0,3303,0,68,3235,0,0,0,Alirajpur,,0,3501,0,48,3453,0,0,0,Anuppur,,0,9229,0,89,9140,0,0,0,Ashoknagar,,0,3670,0,57,3613,0,0,0,Balaghat,,9,9090,0,64,9017,0,0,0,Barwani,,5,8362,0,90,8267,0,0,0,Betul,,32,12899,0,277,12590,0,0,0,Bhind,,2,2994,0,32,2960,0,0,0,Bhopal,,218,123311,0,972,122121,0,0,0,Burhanpur,,0,2568,0,39,2529,0,0,0,Chhatarpur,,9,7606,0,91,7506,0,0,0,Chhindwara,,0,6732,0,120,6612,0,0,0,Damoh,,86,8113,0,186,7841,0,0,0,Datia,,6,6958,0,78,6874,0,0,0,Dewas,,0,7723,0,51,7672,0,0,0,Dhar,,11,12529,0,130,12388,0,0,0,Dindori,,6,4623,0,29,4588,0,0,0,Guna,,3,5132,0,44,5085,0,0,0,Gwalior,,30,53090,0,633,52427,0,0,0,Harda,,5,5055,0,96,4954,0,0,0,Hoshangabad,,10,10679,0,99,10570,0,0,0,Indore,,192,152993,0,1391,151410,0,0,0,Jabalpur,,65,50631,0,670,49896,0,0,0,Jhabua,,5,7688,0,64,7619,0,0,0,Katni,,3,9365,0,120,9242,0,0,0,Khandwa,,0,4040,0,94,3946,0,0,0,Khargone,,9,13964,0,239,13716,0,0,0,Mandla,,3,5187,0,25,5159,0,0,0,Mandsaur,,0,8636,0,84,8552,0,0,0,Morena,,6,8236,0,95,8135,0,0,0,Narsinghpur,,4,11200,0,81,11115,0,0,0,Neemuch,,12,7924,0,84,7828,0,0,0,Niwari,,9,3711,0,48,3654,0,0,0,Other Region,,0,0,0,0,0,0,0,0,Panna,,4,7317,0,63,7250,0,0,0,Raisen,,9,9233,0,194,9030,0,0,0,Rajgarh,,35,8697,0,172,8490,0,0,0,Ratlam,,30,17853,0,385,17438,0,0,0,Rewa,,6,16431,0,155,16270,0,0,0,Sagar,,44,16588,0,390,16154,0,0,0,Satna,,3,11965,0,133,11829,0,0,0,Sehore,,6,10136,0,73,10057,0,0,0,Seoni,,7,6774,0,28,6739,0,0,0,Shahdol,,4,10080,0,118,9958,0,0,0,Shajapur,,2,6349,0,74,6273,0,0,0,Sheopur,,1,3998,0,78,3919,0,0,0,Shivpuri,,7,12393,0,125,12261,0,0,0,Sidhi,,0,9219,0,87,9132,0,0,0,Singrauli,,5,8793,0,82,8706,0,0,0,Tikamgarh,,5,6861,0,114,6742,0,0,0,Ujjain,,4,18896,0,172,18720,0,0,0,Umaria,,6,6293,0,63,6224,0,0,0,Vidisha,,3,11917,0,237,11677,0,0,0,Unknown,,-769,1384,0,1483,670,0,0,0,,,,,,,,,,,,,,,,,,,,,,,,,,,,,,,,,,,,,,,,,,,,,,,,,,,,,,,,,,,,,,,,,,,,,,,,,,,,,,,,,,,,,,,,,,,,,,,,,,,,,,,,,,,,,,,,,,,,,,,,,,,,,,,,,,,,,,,,,,,,,,,,,,,,,,,,,,,,,,,,,,,,,,,,,,,,,,,,,,,,,,,,,,,,,,,,,,,,,,,,,,,,,,,,,,
Mizoram,MZ,Aizawl,,9586,28977,0,125,19266,0,0,0,Champhai,,151,555,0,1,403,0,0,0,Hnahthial,,0,103,0,0,103,0,0,0,Khawzawl,,2,109,0,0,107,0,0,0,Kolasib,,800,3356,0,16,2540,0,0,0,Lawngtlai,,638,2555,0,6,1911,0,0,0,Lunglei,,687,3364,0,2,2675,0,0,0,Mamit,,262,1166,0,2,902,0,0,0,Saiha,,195,833,0,1,637,0,0,0,Saitual,,17,217,0,2,198,0,0,0,Serchhip,,40,848,0,3,805,0,0,0,,,,,,,,,,,,,,,,,,,,,,,,,,,,,,,,,,,,,,,,,,,,,,,,,,,,,,,,,,,,,,,,,,,,,,,,,,,,,,,,,,,,,,,,,,,,,,,,,,,,,,,,,,,,,,,,,,,,,,,,,,,,,,,,,,,,,,,,,,,,,,,,,,,,,,,,,,,,,,,,,,,,,,,,,,,,,,,,,,,,,,,,,,,,,,,,,,,,,,,,,,,,,,,,,,,,,,,,,,,,,,,,,,,,,,,,,,,,,,,,,,,,,,,,,,,,,,,,,,,,,,,,,,,,,,,,,,,,,,,,,,,,,,,,,,,,,,,,,,,,,,,,,,,,,,,,,,,,,,,,,,,,,,,,,,,,,,,,,,,,,,,,,,,,,,,,,,,,,,,,,,,,,,,,,,,,,,,,,,,,,,,,,,,,,,,,,,,,,,,,,,,,,,,,,,,,,,,,,,,,,,,,,,,,,,,,,,,,,,,,,,,,,,,,,,,,,,,,,,,,,,,,,,,,,,,,,,,,,,,,,,,,,,,,,,,,,,,,,,,,,,,,,,,,,,,,,,,,,,,,,,,,,,,,,,,,,,,,,,,,,,,,,,,,,,,,,,,,,,,,,,,,,,,,,,,,,,,,,,,,,,,,,,,,,,,,,,,,,,,,,,,,,,,,,,,,,,,,,,,,,,,,,,,,,,,,,,,,,,,,
Nagaland,NL,Others,,0,0,0,0,0,0,0,0,Dimapur,,438,13184,558,360,11828,0,0,0,Kiphire,,20,225,1,8,196,0,0,0,Kohima,,455,8637,140,99,7943,0,0,0,Longleng,,28,242,12,2,200,0,0,0,Mokokchung,,210,1873,48,46,1569,0,0,0,Mon,,26,1092,16,12,1038,0,0,0,Peren,,33,805,7,2,763,0,0,0,Phek,,24,471,2,17,428,0,0,0,Tuensang,,50,954,3,10,891,0,0,0,Wokha,,25,306,11,11,259,0,0,0,Zunheboto,,36,546,8,14,488,0,0,0,,,,,,,,,,,,,,,,,,,,,,,,,,,,,,,,,,,,,,,,,,,,,,,,,,,,,,,,,,,,,,,,,,,,,,,,,,,,,,,,,,,,,,,,,,,,,,,,,,,,,,,,,,,,,,,,,,,,,,,,,,,,,,,,,,,,,,,,,,,,,,,,,,,,,,,,,,,,,,,,,,,,,,,,,,,,,,,,,,,,,,,,,,,,,,,,,,,,,,,,,,,,,,,,,,,,,,,,,,,,,,,,,,,,,,,,,,,,,,,,,,,,,,,,,,,,,,,,,,,,,,,,,,,,,,,,,,,,,,,,,,,,,,,,,,,,,,,,,,,,,,,,,,,,,,,,,,,,,,,,,,,,,,,,,,,,,,,,,,,,,,,,,,,,,,,,,,,,,,,,,,,,,,,,,,,,,,,,,,,,,,,,,,,,,,,,,,,,,,,,,,,,,,,,,,,,,,,,,,,,,,,,,,,,,,,,,,,,,,,,,,,,,,,,,,,,,,,,,,,,,,,,,,,,,,,,,,,,,,,,,,,,,,,,,,,,,,,,,,,,,,,,,,,,,,,,,,,,,,,,,,,,,,,,,,,,,,,,,,,,,,,,,,,,,,,,,,,,,,,,,,,,,,,,,,,,,,,,,,,,,,,,,,,,,,,,,,,,,,,,,,,,,,,,,,,,,,,,,,,,,,,,,,,,,,
Odisha,OR,State Pool,,789,26715,0,0,25926,0,0,0,Others,,0,0,0,0,0,0,0,0,Angul,,234,42793,0,267,42292,0,0,0,Balangir,,50,23195,0,106,23039,0,0,0,Balasore,,725,38265,0,202,37338,0,0,0,Bargarh,,62,30733,0,293,30378,0,0,0,Bhadrak,,517,25583,0,96,24970,0,0,0,Boudh,,49,12520,0,105,12366,0,0,0,Cuttack,,1569,87447,0,391,85487,0,0,0,Deogarh,,54,6193,0,38,6101,0,0,0,Dhenkanal,,236,19141,0,130,18775,0,0,0,Gajapati,,31,9514,0,83,9400,0,0,0,Ganjam,,53,33458,0,458,32947,0,0,0,Jagatsinghpur,,568,25685,0,106,25011,0,0,0,Jajpur,,623,41395,0,81,40691,0,0,0,Jharsuguda,,26,23601,0,160,23415,0,0,0,Kalahandi,,51,24148,0,201,23896,0,0,0,Kandhamal,,99,11343,0,76,11168,0,0,0,Kendrapara,,283,23524,0,151,23090,0,0,0,Kendujhar,,114,20443,0,133,20196,0,0,0,Khordha,,3706,151777,0,1229,146842,0,0,0,Koraput,,64,18862,0,73,18725,0,0,0,Malkangiri,,52,11494,0,48,11394,0,0,0,Mayurbhanj,,323,38820,0,224,38273,0,0,0,Nabarangapur,,50,23459,0,66,23343,0,0,0,Nayagarh,,264,22640,0,155,22221,0,0,0,Nuapada,,24,22799,0,80,22695,0,0,0,Puri,,708,43703,0,399,42596,0,0,0,Rayagada,,111,19825,0,159,19555,0,0,0,Sambalpur,,112,30543,0,177,30254,0,0,0,Subarnapur,,118,13081,0,47,12916,0,0,0,Sundargarh,,199,60824,0,555,60070,0,0,0,,,,,,,,,,,,,,,,,,,,,,,,,,,,,,,,,,,,,,,,,,,,,,,,,,,,,,,,,,,,,,,,,,,,,,,,,,,,,,,,,,,,,,,,,,,,,,,,,,,,,,,,,,,,,,,,,,,,,,,,,,,,,,,,,,,,,,,,,,,,,,,,,,,,,,,,,,,,,,,,,,,,,,,,,,,,,,,,,,,,,,,,,,,,,,,,,,,,,,,,,,,,,,,,,,,,,,,,,,,,,,,,,,,,,,,,,,,,,,,,,,,,,,,,,,,,,,,,,,,,,,,,,,,,,,,,,,,,,,,,,,,,,,,,,,,,,,,,,,,,,,,,,,,,,,,,,,,,,,,,,,,,,,,,,,,,,,,,,,,,,,,,,,,,,,,,,,,,,,,,,,,,,,,,,,,,,,,,,,,,,,,,,,,,,,,,,,,,,,,,,,,,,,,,,,,,,,,,,,,,,,,,,,,,,,
Punjab,PB,Amritsar,,18,47080,0,1586,45476,0,0,0,Barnala,,12,5906,0,242,5652,0,0,0,Bathinda,,26,41519,0,1039,40454,0,0,0,Faridkot,,12,13828,0,312,13504,0,0,0,Fatehgarh Sahib,,7,8789,0,289,8493,0,0,0,Fazilka,,40,20163,0,525,19598,0,0,0,Ferozepur,,22,14235,0,497,13716,0,0,0,Gurdaspur,,20,22242,0,797,21425,0,0,0,Hoshiarpur,,17,30658,0,976,29665,0,0,0,Jalandhar,,51,63125,0,1490,61584,0,0,0,Kapurthala,,28,17761,0,552,17181,0,0,0,Ludhiana,,54,87321,0,2093,85174,0,0,0,Mansa,,2,15567,0,302,15263,0,0,0,Moga,,10,8621,0,233,8378,0,0,0,Pathankot,,23,18593,0,415,18155,0,0,0,Patiala,,41,48731,0,1340,47350,0,0,0,Rupnagar,,6,12876,0,417,12453,0,0,0,S.A.S. Nagar,,33,68472,0,1057,67382,0,0,0,Sangrur,,16,15686,0,868,14802,0,0,0,Shahid Bhagat Singh Nagar,,4,11427,0,374,11049,0,0,0,Sri Muktsar Sahib,,13,18726,0,523,18190,0,0,0,Tarn Taran,,9,7978,0,374,7595,0,0,0,,,,,,,,,,,,,,,,,,,,,,,,,,,,,,,,,,,,,,,,,,,,,,,,,,,,,,,,,,,,,,,,,,,,,,,,,,,,,,,,,,,,,,,,,,,,,,,,,,,,,,,,,,,,,,,,,,,,,,,,,,,,,,,,,,,,,,,,,,,,,,,,,,,,,,,,,,,,,,,,,,,,,,,,,,,,,,,,,,,,,,,,,,,,,,,,,,,,,,,,,,,,,,,,,,,,,,,,,,,,,,,,,,,,,,,,,,,,,,,,,,,,,,,,,,,,,,,,,,,,,,,,,,,,,,,,,,,,,,,,,,,,,,,,,,,,,,,,,,,,,,,,,,,,,,,,,,,,,,,,,,,,,,,,,,,,,,,,,,,,,,,,,,,,,,,,,,,,,,,,,,,,,,,,,,,,,,,,,,,,,,,,,,,,,,,,,,,,,,,,,,,,,,,,,,,,,,,,,,,,,,,,,,,,,,,,,,,,,,,,,,,,,,,,,,,,,,,,,,,,,,,,,,,,,,,,,,,,,,,,,,,,,,,,,,,,,,,,,,,,,,,,,,,,,,,,,,,,,,,,,,,,,,,,,,
Puducherry,PY,Karaikal,"2 case of TN has been transferred,so has been reduced from the total count.",125,15079,0,231,14723,0,0,0,Mahe,"1 case of KL have been transferred,so have been reduced from the total count",78,4862,0,38,4746,0,0,0,Puducherry,"209 cases(204 of TN, 1 of AP and 4 other) have been transferred,so have been reduced from the total count.[July 18]4 cases have transferred to TN and have been reduced from recovered cases.",657,94777,0,1424,92696,0,0,0,Yanam,"2 cases of AP have been transferred,so have been reduced from the total count",28,6615,0,105,6482,0,0,0,,,,,,,,,,,,,,,,,,,,,,,,,,,,,,,,,,,,,,,,,,,,,,,,,,,,,,,,,,,,,,,,,,,,,,,,,,,,,,,,,,,,,,,,,,,,,,,,,,,,,,,,,,,,,,,,,,,,,,,,,,,,,,,,,,,,,,,,,,,,,,,,,,,,,,,,,,,,,,,,,,,,,,,,,,,,,,,,,,,,,,,,,,,,,,,,,,,,,,,,,,,,,,,,,,,,,,,,,,,,,,,,,,,,,,,,,,,,,,,,,,,,,,,,,,,,,,,,,,,,,,,,,,,,,,,,,,,,,,,,,,,,,,,,,,,,,,,,,,,,,,,,,,,,,,,,,,,,,,,,,,,,,,,,,,,,,,,,,,,,,,,,,,,,,,,,,,,,,,,,,,,,,,,,,,,,,,,,,,,,,,,,,,,,,,,,,,,,,,,,,,,,,,,,,,,,,,,,,,,,,,,,,,,,,,,,,,,,,,,,,,,,,,,,,,,,,,,,,,,,,,,,,,,,,,,,,,,,,,,,,,,,,,,,,,,,,,,,,,,,,,,,,,,,,,,,,,,,,,,,,,,,,,,,,,,,,,,,,,,,,,,,,,,,,,,,,,,,,,,,,,,,,,,,,,,,,,,,,,,,,,,,,,,,,,,,,,,,,,,,,,,,,,,,,,,,,,,,,,,,,,,,,,,,,,,,,,,,,,,,,,,,,,,,,,,,,,,,,,,,,,,,,,,,,,,,,,,,,,,,,,,,,,,,,,,,,,,,,,,,,,,,,,,,,,
Rajasthan,RJ,Ajmer,,11,37708,0,410,37287,0,0,0,Alwar,,14,59649,0,307,59328,0,0,0,Banswara,,3,10005,0,104,9898,0,0,0,Baran,,0,11992,0,61,11931,0,0,0,Barmer,,5,15547,0,185,15357,0,0,0,Bharatpur,,0,19589,0,260,19329,0,0,0,Bhilwara,,0,29773,0,156,29617,0,0,0,Bikaner,,5,40307,0,545,39757,0,0,0,BSF Camp,,0,85,0,0,85,0,0,0,Bundi,,0,7967,0,48,7919,0,0,0,Chittorgarh,,0,19809,0,139,19670,0,0,0,Churu,,1,16719,0,107,16611,0,0,0,Dausa,,2,13350,0,62,13286,0,0,0,Dholpur,,1,11005,0,48,10956,0,0,0,Dungarpur,,0,18407,0,131,18276,0,0,0,Evacuees,,0,61,0,0,61,0,0,0,Ganganagar,,10,19336,0,150,19176,0,0,0,Hanumangarh,,9,16049,0,111,15929,0,0,0,Italians,,0,2,0,0,2,0,0,0,Jaipur,,63,187570,0,1970,185537,0,0,0,Jaisalmer,,2,13638,0,66,13570,0,0,0,Jalore,,0,10061,0,72,9989,0,0,0,Jhalawar,,0,13598,0,187,13411,0,0,0,Jhunjhunu,,0,14802,0,158,14644,0,0,0,Jodhpur,,12,112374,0,1103,111259,0,0,0,Karauli,,0,7156,0,70,7086,0,0,0,Kota,,0,57050,0,449,56601,0,0,0,Nagaur,,12,17724,0,177,17535,0,0,0,Other State,,0,189,0,39,150,0,0,0,Pali,,7,27311,0,287,27017,0,0,0,Pratapgarh,,0,7138,0,63,7075,0,0,0,Rajsamand,,1,17039,0,169,16869,0,0,0,Sawai Madhopur,,1,10599,0,61,10537,0,0,0,Sikar,,10,30603,0,335,30258,0,0,0,Sirohi,,0,13729,0,79,13650,0,0,0,Tonk,,3,9495,0,92,9400,0,0,0,Udaipur,,59,56337,0,753,55525,0,0,0,,,,,,,,,,,,,,,,,,,,,,,,,,,,,,,,,,,,,,,,,,,,,,,,,,,,,,,,,,,,,,,,,,,,,,,,,,,,,,,,,,,,,,,,,,,,,,,,,,,,,,,,,,,,,,,,,,,,,,,,,,,,,,,,,,,,,,,,,,,,,,,,,,,,,,,,,,,,,,,,,,,,,,,,,,,,,,,,,,,,,,,,,,,,,,,,,,,,,,,,,,,,,,,,,,,,,,,,,,,,,,,,,,,,,,,,,,,,,,,,,,,,,,,,,,,,,,,,,,,,,,,,,,,,,,,,,,,,,,,,,,,,,,,,,,,,,,,,,,,,,,,,,,,,,,,,,,,,,,,,,,,,,,,,,,,,,,,,,,,,,,,,,,,,,,,,,,,,,,,,,,,,,,,,,,,,,,,,,,,,
Sikkim,SK,East Sikkim,,10629,15772,78,148,4917,0,0,0,North Sikkim,,690,772,9,1,72,0,0,0,South Sikkim,,5599,6054,15,2,438,0,0,0,West Sikkim,,4592,4773,25,19,137,0,0,0,Unknown,,-18140,155,151,181,17963,0,0,0,,,,,,,,,,,,,,,,,,,,,,,,,,,,,,,,,,,,,,,,,,,,,,,,,,,,,,,,,,,,,,,,,,,,,,,,,,,,,,,,,,,,,,,,,,,,,,,,,,,,,,,,,,,,,,,,,,,,,,,,,,,,,,,,,,,,,,,,,,,,,,,,,,,,,,,,,,,,,,,,,,,,,,,,,,,,,,,,,,,,,,,,,,,,,,,,,,,,,,,,,,,,,,,,,,,,,,,,,,,,,,,,,,,,,,,,,,,,,,,,,,,,,,,,,,,,,,,,,,,,,,,,,,,,,,,,,,,,,,,,,,,,,,,,,,,,,,,,,,,,,,,,,,,,,,,,,,,,,,,,,,,,,,,,,,,,,,,,,,,,,,,,,,,,,,,,,,,,,,,,,,,,,,,,,,,,,,,,,,,,,,,,,,,,,,,,,,,,,,,,,,,,,,,,,,,,,,,,,,,,,,,,,,,,,,,,,,,,,,,,,,,,,,,,,,,,,,,,,,,,,,,,,,,,,,,,,,,,,,,,,,,,,,,,,,,,,,,,,,,,,,,,,,,,,,,,,,,,,,,,,,,,,,,,,,,,,,,,,,,,,,,,,,,,,,,,,,,,,,,,,,,,,,,,,,,,,,,,,,,,,,,,,,,,,,,,,,,,,,,,,,,,,,,,,,,,,,,,,,,,,,,,,,,,,,,,,,,,,,,,,,,,,,,,,,,,,,,,,,,,,,,,,,,,,,,,,,,,,,,,,,,,,,,,,,,,,,,,,,,,
Telangana,TG,Foreign Evacuees,District-wise numbers are out-dated as cumulative counts for each district are not reported in Telangana bulletin,33,33,0,0,0,0,0,0,Other State,District-wise numbers are out-dated as cumulative counts for each district are not reported in Telangana bulletin,250,250,0,0,0,0,0,0,Adilabad,District-wise numbers are out-dated as cumulative counts for each district are not reported in Telangana bulletin,7061,7076,0,0,15,0,0,0,Bhadradri Kothagudem,District-wise numbers are out-dated as cumulative counts for each district are not reported in Telangana bulletin,18244,18248,0,0,4,0,0,0,Hyderabad,District-wise numbers are out-dated as cumulative counts for each district are not reported in Telangana bulletin,136099,136427,0,23,305,0,0,0,Jagtial,District-wise numbers are out-dated as cumulative counts for each district are not reported in Telangana bulletin,16851,16853,0,0,2,0,0,0,Jangaon,District-wise numbers are out-dated as cumulative counts for each district are not reported in Telangana bulletin,7476,7477,0,0,1,0,0,0,Jayashankar Bhupalapally,District-wise numbers are out-dated as cumulative counts for each district are not reported in Telangana bulletin,6737,6737,0,0,0,0,0,0,Jogulamba Gadwal,District-wise numbers are out-dated as cumulative counts for each district are not reported in Telangana bulletin,7147,7173,0,1,25,0,0,0,Kamareddy,District-wise numbers are out-dated as cumulative counts for each district are not reported in Telangana bulletin,11496,11504,0,0,8,0,0,0,Karimnagar,District-wise numbers are out-dated as cumulative counts for each district are not reported in Telangana bulletin,28950,28966,0,0,16,0,0,0,Khammam,District-wise numbers are out-dated as cumulative counts for each district are not reported in Telangana bulletin,26748,26751,0,0,3,0,0,0,Komaram Bheem,District-wise numbers are out-dated as cumulative counts for each district are not reported in Telangana bulletin,4452,4454,0,0,2,0,0,0,Mahabubabad,District-wise numbers are out-dated as cumulative counts for each district are not reported in Telangana bulletin,12796,12797,0,0,1,0,0,0,Mahabubnagar,District-wise numbers are out-dated as cumulative counts for each district are not reported in Telangana bulletin,16186,16194,0,0,8,0,0,0,Mancherial,District-wise numbers are out-dated as cumulative counts for each district are not reported in Telangana bulletin,15832,15833,0,1,0,0,0,0,Medak,District-wise numbers are out-dated as cumulative counts for each district are not reported in Telangana bulletin,8371,8375,0,0,4,0,0,0,Medchal Malkajgiri,District-wise numbers are out-dated as cumulative counts for each district are not reported in Telangana bulletin,44777,44787,0,1,9,0,0,0,Mulugu,District-wise numbers are out-dated as cumulative counts for each district are not reported in Telangana bulletin,6536,6538,0,0,2,0,0,0,Nagarkurnool,District-wise numbers are out-dated as cumulative counts for each district are not reported in Telangana bulletin,12211,12213,0,0,2,0,0,0,Nalgonda,District-wise numbers are out-dated as cumulative counts for each district are not reported in Telangana bulletin,28443,28455,0,0,12,0,0,0,Narayanpet,District-wise numbers are out-dated as cumulative counts for each district are not reported in Telangana bulletin,3265,3266,0,1,0,0,0,0,Nirmal,District-wise numbers are out-dated as cumulative counts for each district are not reported in Telangana bulletin,7204,7217,0,0,13,0,0,0,Nizamabad,District-wise numbers are out-dated as cumulative counts for each district are not reported in Telangana bulletin,20712,20742,0,0,30,0,0,0,Peddapalli,District-wise numbers are out-dated as cumulative counts for each district are not reported in Telangana bulletin,15254,15255,0,0,1,0,0,0,Rajanna Sircilla,District-wise numbers are out-dated as cumulative counts for each district are not reported in Telangana bulletin,11842,11844,0,0,2,0,0,0,Ranga Reddy,District-wise numbers are out-dated as cumulative counts for each district are not reported in Telangana bulletin,48170,48189,0,2,17,0,0,0,Sangareddy,District-wise numbers are out-dated as cumulative counts for each district are not reported in Telangana bulletin,18991,18997,0,0,6,0,0,0,Siddipet,District-wise numbers are out-dated as cumulative counts for each district are not reported in Telangana bulletin,19078,19079,0,0,1,0,0,0,Suryapet,District-wise numbers are out-dated as cumulative counts for each district are not reported in Telangana bulletin,17143,17167,0,0,24,0,0,0,Vikarabad,District-wise numbers are out-dated as cumulative counts for each district are not reported in Telangana bulletin,10906,10922,0,1,15,0,0,0,Wanaparthy,District-wise numbers are out-dated as cumulative counts for each district are not reported in Telangana bulletin,9661,9661,0,0,0,0,0,0,Warangal Rural,District-wise numbers are out-dated as cumulative counts for each district are not reported in Telangana bulletin,10420,10420,0,0,0,0,0,0,Warangal Urban,District-wise numbers are out-dated as cumulative counts for each district are not reported in Telangana bulletin,25765,25788,0,0,23,0,0,0,Yadadri Bhuvanagiri,District-wise numbers are out-dated as cumulative counts for each district are not reported in Telangana bulletin,11068,11068,0,0,0,0,0,0,Unknown,,-637431,1055,0,3787,634699,0,0,0,,,,,,,,,,,,,,,,,,,,,,,,,,,,,,,,,,,,,,,,,,,,,,,,,,,,,,,,,,,,,,,,,,,,,,,,,,,,,,,,,,,,,,,,,,,,,,,,,,,,,,,,,,,,,,,,,,,,,,,,,,,,,,,,,,,,,,,,,,,,,,,,,,,,,,,,,,,,,,,,,,,,,,,,,,,,,,,,,,,,,,,,,,,,,,,,,,,,,,,,,,,,,,,,,,,,,,,,,,,,,,,,,,,,,,,,,,,,,,,,,,,,,,,,,,,,,,,,,,,,,,,,,,,,,,,,,,,,,,,,,,,,,,,,,,,,,,,,,,,,,,,,,,,,,,,,,,,,,,,,,,,,,,,,,,,,,,,,,,,,,,,,,,,,,,,,,,,,,,,,,,,,,,,,,,,,,,,,,,,,,,,,,,,,,,
Tamil Nadu,TN,Railway Quarantine,,0,428,0,0,428,0,0,0,Airport Quarantine,,10,2098,0,2,2086,0,0,0,Other State,,0,0,0,0,0,0,0,0,Ariyalur,,234,15877,0,236,15407,0,0,0,Chengalpattu,,1228,162584,0,2409,158947,0,0,0,Chennai,[July 22]: 444 backdated deceased entries added to Chennai in TN bulletin.,1887,539105,0,8327,528891,0,0,0,Coimbatore,,2117,230463,0,2188,226158,0,0,0,Cuddalore,,717,60787,0,815,59255,0,0,0,Dharmapuri,,335,26242,0,235,25672,0,0,0,Dindigul,,170,32261,0,625,31466,0,0,0,Erode,,1643,94521,0,637,92241,0,0,0,Kallakurichi,,463,29287,0,198,28626,0,0,0,Kancheepuram,,441,71919,0,1207,70271,0,0,0,Kanyakumari,,317,60243,0,1022,58904,0,0,0,Karur,,171,22730,0,351,22208,0,0,0,Krishnagiri,,326,41497,0,324,40847,0,0,0,Madurai,,246,73615,0,1146,72223,0,0,0,Nagapattinam,,393,18828,0,291,18144,0,0,0,Namakkal,,563,47469,0,455,46451,0,0,0,Nilgiris,,490,30755,0,182,30083,0,0,0,Perambalur,,102,11526,0,224,11200,0,0,0,Pudukkottai,,310,28292,0,370,27612,0,0,0,Ramanathapuram,,129,20084,0,350,19605,0,0,0,Ranipet,,221,42051,0,743,41087,0,0,0,Salem,,900,93804,0,1572,91332,0,0,0,Sivaganga,,253,18902,0,199,18450,0,0,0,Tenkasi,,145,26893,0,483,26265,0,0,0,Thanjavur,,1039,68434,0,854,66541,0,0,0,Theni,,142,42981,0,514,42325,0,0,0,Thiruvallur,,840,113910,0,1763,111307,0,0,0,Thiruvarur,,389,38046,0,374,37283,0,0,0,Thoothukkudi,,206,55178,0,398,54574,0,0,0,Tiruchirappalli,,732,72795,0,968,71095,0,0,0,Tirunelveli,,257,47995,0,430,47308,0,0,0,Tirupathur,,221,28342,0,601,27520,0,0,0,Tiruppur,,874,88261,0,852,86535,0,0,0,Tiruvannamalai,,542,52278,0,638,51098,0,0,0,Vellore,,300,48176,0,1095,46781,0,0,0,Viluppuram,,359,44005,0,341,43305,0,0,0,Virudhunagar,,173,45565,0,540,44852,0,0,0,Mayiladuthurai,,253,21171,0,271,20647,0,0,0,,,,,,,,,,,,,,,,,,,,,,,,,,,,,,,,,,,,,,,,,,,,,,,,,,,,,,,,,,,,,,,,,,,,,,,,,,,,,,,,,,,,,,,,,,,,,,,,,,,,,,,,,,,,,,,,,,,,,,,,,,,,,,,,,,,,,,,,,,,,,,,,,,,,,,,,,,,,,,,,,,,,,,,,,,,,,,,,,,,,,,,,,,,,,,,,,,,,,,,,,,,,,,,,,,,,,,,,,,,,,,,,,,,,,,,,,,,,,,,,,,,,,,,,,,,,,,,,,,,,,,,,,,,,,,,,,,,,,,,,,,,,,,,,,,,,,,,,,,,,,,,,,,,,,,,,,,,,,,,,,,,,,,,,,,,,,,,,,,,,
Tripura,TR,Dhalai,,188,6797,1,34,6574,0,0,0,Gomati,,383,7666,4,68,7211,0,0,0,Khowai,,112,4423,0,52,4259,0,0,0,North Tripura,,220,6811,7,31,6553,0,0,0,Sipahijala,,131,6080,1,73,5875,0,0,0,South Tripura,,392,9614,3,45,9174,0,0,0,Unokoti,,440,8040,4,57,7539,0,0,0,West Tripura,,1088,30098,43,398,28569,0,0,0,,,,,,,,,,,,,,,,,,,,,,,,,,,,,,,,,,,,,,,,,,,,,,,,,,,,,,,,,,,,,,,,,,,,,,,,,,,,,,,,,,,,,,,,,,,,,,,,,,,,,,,,,,,,,,,,,,,,,,,,,,,,,,,,,,,,,,,,,,,,,,,,,,,,,,,,,,,,,,,,,,,,,,,,,,,,,,,,,,,,,,,,,,,,,,,,,,,,,,,,,,,,,,,,,,,,,,,,,,,,,,,,,,,,,,,,,,,,,,,,,,,,,,,,,,,,,,,,,,,,,,,,,,,,,,,,,,,,,,,,,,,,,,,,,,,,,,,,,,,,,,,,,,,,,,,,,,,,,,,,,,,,,,,,,,,,,,,,,,,,,,,,,,,,,,,,,,,,,,,,,,,,,,,,,,,,,,,,,,,,,,,,,,,,,,,,,,,,,,,,,,,,,,,,,,,,,,,,,,,,,,,,,,,,,,,,,,,,,,,,,,,,,,,,,,,,,,,,,,,,,,,,,,,,,,,,,,,,,,,,,,,,,,,,,,,,,,,,,,,,,,,,,,,,,,,,,,,,,,,,,,,,,,,,,,,,,,,,,,,,,,,,,,,,,,,,,,,,,,,,,,,,,,,,,,,,,,,,,,,,,,,,,,,,,,,,,,,,,,,,,,,,,,,,,,,,,,,,,,,,,,,,,,,,,,,,,,,,,,,,,,,,,,,,,,,,,,,,,,,,,,,,,,,,,,
Uttar Pradesh,UP,Agra,,8,25728,0,457,25263,0,0,0,Aligarh,,0,21276,0,108,21168,0,0,0,Ambedkar Nagar,,5,5028,0,150,4873,0,0,0,Amethi,,0,9958,0,143,9815,0,0,0,Amroha,,2,16610,0,203,16405,0,0,0,Auraiya,,3,10079,0,203,9873,0,0,0,Ayodhya,,2,16911,0,290,16619,0,0,0,Azamgarh,,5,17893,0,228,17660,0,0,0,Baghpat,,5,9128,0,141,8982,0,0,0,Bahraich,,5,11546,0,178,11363,0,0,0,Ballia,,4,21607,0,233,21370,0,0,0,Balrampur,,2,7485,0,138,7345,0,0,0,Banda,,3,10985,0,153,10829,0,0,0,Barabanki,,11,19829,0,225,19593,0,0,0,Bareilly,,15,43970,0,376,43579,0,0,0,Basti,,1,11713,0,330,11382,0,0,0,Bhadohi,,1,7716,0,163,7552,0,0,0,Bijnor,,1,14787,0,108,14678,0,0,0,Budaun,,0,14923,0,98,14825,0,0,0,Bulandshahr,,1,20199,0,241,19957,0,0,0,Chandauli,,2,16197,0,356,15839,0,0,0,Chitrakoot,,2,7106,0,79,7025,0,0,0,Deoria,,11,20211,0,218,19982,0,0,0,Etah,,0,9963,0,98,9865,0,0,0,Etawah,,1,13926,0,293,13632,0,0,0,Farrukhabad,,2,10340,0,194,10144,0,0,0,Fatehpur,,2,6798,0,139,6657,0,0,0,Firozabad,,1,8715,0,135,8579,0,0,0,Gautam Buddha Nagar,,24,63216,0,466,62726,0,0,0,Ghaziabad,,11,55616,0,461,55144,0,0,0,Ghazipur,,9,21629,0,281,21339,0,0,0,Gonda,,1,12282,0,260,12021,0,0,0,Gorakhpur,,19,59373,0,848,58506,0,0,0,Hamirpur,,2,5230,0,101,5127,0,0,0,Hapur,,10,12627,0,217,12400,0,0,0,Hardoi,,4,13754,0,349,13401,0,0,0,Hathras,,0,2917,0,43,2874,0,0,0,Jalaun,,2,11657,0,202,11453,0,0,0,Jaunpur,,7,22564,0,233,22324,0,0,0,Jhansi,,5,36536,0,663,35868,0,0,0,Kannauj,,6,9217,0,114,9097,0,0,0,Kanpur Dehat,,6,6187,0,110,6071,0,0,0,Kanpur Nagar,,37,82884,0,1904,80943,0,0,0,Kasganj,,1,4247,0,53,4193,0,0,0,Kaushambi,,1,4415,0,68,4346,0,0,0,Kushinagar,,50,15588,0,228,15310,0,0,0,Lakhimpur Kheri,,11,24403,0,292,24100,0,0,0,Lalitpur,,7,12738,0,128,12603,0,0,0,Lucknow,,60,238618,0,2651,235907,0,0,0,Maharajganj,,4,12381,0,138,12239,0,0,0,Mahoba,,0,4267,0,86,4181,0,0,0,Mainpuri,,36,10015,0,181,9798,0,0,0,Mathura,,45,20268,0,368,19855,0,0,0,Mau,,2,8322,0,80,8240,0,0,0,Meerut,,14,69415,0,897,68504,0,0,0,Mirzapur,,1,11080,0,116,10963,0,0,0,Moradabad,,3,39092,0,349,38740,0,0,0,Muzaffarnagar,,14,30999,0,268,30717,0,0,0,Pilibhit,,0,11027,0,193,10834,0,0,0,Pratapgarh,,0,16023,0,161,15862,0,0,0,Prayagraj,,44,78591,0,1073,77474,0,0,0,Rae Bareli,,35,17074,0,319,16720,0,0,0,Rampur,,5,11814,0,146,11663,0,0,0,Saharanpur,,9,32749,0,420,32320,0,0,0,Sambhal,,1,9435,0,105,9329,0,0,0,Sant Kabir Nagar,,1,8156,0,98,8057,0,0,0,Shahjahanpur,,3,20351,0,443,19905,0,0,0,Shamli,,4,12974,0,45,12925,0,0,0,Shrawasti,,1,4384,0,35,4348,0,0,0,Siddharthnagar,,5,9361,0,100,9256,0,0,0,Sitapur,,0,12391,0,185,12206,0,0,0,Sonbhadra,,13,16799,0,251,16535,0,0,0,Sultanpur,,15,14905,0,138,14752,0,0,0,Unnao,,4,14993,0,254,14735,0,0,0,Varanasi,,32,85458,0,971,84455,0,0,0
Uttarakhand,UT,Almora,,7,12130,607,194,11322,0,0,0,Bageshwar,,10,5692,25,60,5597,0,0,0,Chamoli,,49,12134,202,62,11821,0,0,0,Champawat,,23,7536,166,53,7294,0,0,0,Dehradun,,243,111901,575,3510,107573,0,0,0,Haridwar,,8,51373,1367,1004,48994,0,0,0,Nainital,,15,39068,128,943,37982,0,0,0,Pauri Garhwal,,15,17537,701,313,16508,0,0,0,Pithoragarh,,58,10142,104,179,9801,0,0,0,Rudraprayag,,33,8725,144,106,8442,0,0,0,Tehri Garhwal,,3,15813,887,107,14816,0,0,0,Udham Singh Nagar,,49,37799,794,761,36195,0,0,0,Uttarkashi,,20,12457,337,74,12026,0,0,0,,,,,,,,,,,,,,,,,,,,,,,,,,,,,,,,,,,,,,,,,,,,,,,,,,,,,,,,,,,,,,,,,,,,,,,,,,,,,,,,,,,,,,,,,,,,,,,,,,,,,,,,,,,,,,,,,,,,,,,,,,,,,,,,,,,,,,,,,,,,,,,,,,,,,,,,,,,,,,,,,,,,,,,,,,,,,,,,,,,,,,,,,,,,,,,,,,,,,,,,,,,,,,,,,,,,,,,,,,,,,,,,,,,,,,,,,,,,,,,,,,,,,,,,,,,,,,,,,,,,,,,,,,,,,,,,,,,,,,,,,,,,,,,,,,,,,,,,,,,,,,,,,,,,,,,,,,,,,,,,,,,,,,,,,,,,,,,,,,,,,,,,,,,,,,,,,,,,,,,,,,,,,,,,,,,,,,,,,,,,,,,,,,,,,,,,,,,,,,,,,,,,,,,,,,,,,,,,,,,,,,,,,,,,,,,,,,,,,,,,,,,,,,,,,,,,,,,,,,,,,,,,,,,,,,,,,,,,,,,,,,,,,,,,,,,,,,,,,,,,,,,,,,,,,,,,,,,,,,,,,,,,,,,,,,,,,,,,,,,,,,,,,,,,,,,,,,,,,,,,,,,,,,,,,,,,,,,,,,,,,,,,,,,,,,,,,,,,,,,,,,,,,,,,,,,,,,,,,,,,
West Bengal,WB,Alipurduar,,249,14928,0,99,14580,0,0,0,Bankura,,436,34620,0,261,33923,0,0,0,Birbhum,,129,40368,0,285,39954,0,0,0,Cooch Behar,,578,27740,0,95,27067,0,0,0,Dakshin Dinajpur,,98,16927,0,168,16661,0,0,0,Darjeeling,,1078,53682,0,499,52105,0,0,0,Hooghly,,627,81930,0,919,80384,0,0,0,Howrah,,545,94670,0,1484,92641,0,0,0,Jalpaiguri,,637,39996,0,539,38820,0,0,0,Jhargram,,370,11340,0,26,10944,0,0,0,Kalimpong,,202,6332,0,42,6088,0,0,0,Kolkata,,803,310795,0,4977,305015,0,0,0,Malda,,65,32669,0,184,32420,0,0,0,Murshidabad,,67,33615,0,322,33226,0,0,0,Nadia,,653,69376,0,703,68020,0,0,0,North 24 Parganas,,1279,319671,0,4574,313818,0,0,0,Other State,,0,66,0,3,63,0,0,0,Paschim Bardhaman,,238,56342,0,347,55757,0,0,0,Paschim Medinipur,,662,50883,0,490,49731,0,0,0,Purba Bardhaman,,384,40123,0,183,39556,0,0,0,Purba Medinipur,,783,60640,0,373,59484,0,0,0,Purulia,,70,19193,0,112,19011,0,0,0,South 24 Parganas,,639,96295,0,1275,94381,0,0,0,Uttar Dinajpur,,129,19461,0,233,19099,0,0,0,,,,,,,,,,,,,,,,,,,,,,,,,,,,,,,,,,,,,,,,,,,,,,,,,,,,,,,,,,,,,,,,,,,,,,,,,,,,,,,,,,,,,,,,,,,,,,,,,,,,,,,,,,,,,,,,,,,,,,,,,,,,,,,,,,,,,,,,,,,,,,,,,,,,,,,,,,,,,,,,,,,,,,,,,,,,,,,,,,,,,,,,,,,,,,,,,,,,,,,,,,,,,,,,,,,,,,,,,,,,,,,,,,,,,,,,,,,,,,,,,,,,,,,,,,,,,,,,,,,,,,,,,,,,,,,,,,,,,,,,,,,,,,,,,,,,,,,,,,,,,,,,,,,,,,,,,,,,,,,,,,,,,,,,,,,,,,,,,,,,,,,,,,,,,,,,,,,,,,,,,,,,,,,,,,,,,,,,,,,,,,,,,,,,,,,,,,,,,,,,,,,,,,,,,,,,,,,,,,,,,,,,,,,,,,,,,,,,,,,,,,,,,,,,,,,,,,,,,,,,,,,,,,,,,,,,,,,,,,,,,,,,,,,,,,,,,,,,,,,,,,,,,,,,,,
